aaron;Z;B;A;C;Z;D;C;C;D;A
abbey;D;C;B;D;A;A;B;A;Z;B
abdul;Z;B;D;C;D;D;C;C;D;B
abdullah;D;C;C;B;C;D;C;D;B;B
abe;C;D;Z;B;D;C;D;A;A;D
abel;D;B;C;D;A;A;C;A;A;B
abigail;A;C;A;B;C;A;C;A;D;D
abishag;A;B;A;Z;Z;B;Z;C;B;D
abraham;D;Z;A;B;Z;D;A;C;A;B
abram;D;B;Z;A;D;B;D;Z;Z;B
absalom;B;A;B;A;A;D;C;A;Z;Z
acacia;C;C;C;B;B;D;A;A;C;C
ace;D;C;D;D;C;C;C;A;C;B
achille;B;D;Z;D;Z;A;Z;B;A;C
achim;B;D;C;D;D;D;A;D;B;C
ada;Z;D;A;C;A;B;A;Z;D;Z
adair;A;A;C;B;A;B;C;A;C;C
adalbert;B;B;C;A;C;A;A;B;B;C
adam;B;B;C;D;A;C;D;C;A;D
addison;B;C;C;B;B;D;B;D;B;Z
adélaïde;C;C;B;A;B;D;A;D;Z;D
adèle;C;B;C;C;C;D;B;A;D;Z
adelina;D;Z;A;B;A;C;A;A;D;D
adeline;B;D;D;Z;A;C;B;Z;D;C
aden;Z;D;A;B;D;B;D;B;C;B
adolf;D;B;B;D;B;Z;C;B;C;A
adolph;Z;A;D;Z;D;A;C;D;D;C
adolphe;C;D;B;C;B;D;C;C;A;A
adonis;A;B;D;C;B;C;B;D;D;B
adora;D;C;B;B;D;A;D;C;C;C
adrian;A;Z;A;C;D;B;D;C;A;D
adriana;C;A;A;A;B;B;D;A;B;C
adriano;D;D;D;B;B;C;C;A;C;Z
adrien;B;C;D;A;A;C;D;C;B;A
adrienne;C;B;C;A;B;D;A;A;A;Z
aeneas;C;C;A;B;B;B;A;D;Z;B
africa;C;C;D;D;D;B;B;B;B;C
agamemnon;Z;B;C;Z;A;A;D;D;A;A
agape;B;A;D;C;A;A;B;B;Z;D
agata;C;B;C;A;B;D;C;C;D;B
agatha;B;B;A;C;C;Z;B;C;C;A
agathe;A;D;B;B;A;Z;Z;C;C;C
agathon;C;C;C;D;C;B;A;D;A;C
agnès;A;A;D;A;B;A;Z;B;A;Z
agnes;A;C;A;A;C;C;C;C;C;C
agnese;D;A;B;C;C;B;A;B;B;B
agostinho;C;A;A;A;C;B;D;D;D;D
agostino;B;D;C;B;D;Z;C;D;B;D
agrippa;C;C;C;D;A;A;D;B;D;A
ah;C;D;A;C;C;C;B;A;C;D
ahmad;D;C;C;A;Z;A;D;A;A;D
ahmed;B;D;A;Z;D;B;A;A;Z;D
aida;C;B;B;Z;D;B;A;A;A;Z
aimé;C;C;C;B;A;C;A;A;A;A
aimée;A;D;B;D;C;B;C;B;B;B
ajax;C;C;Z;A;A;A;A;Z;B;B
aki;B;B;D;C;D;D;B;B;B;D
akim;A;A;C;C;B;C;D;A;C;C
al;A;A;D;Z;C;Z;Z;B;B;D
alain;A;C;B;D;C;Z;C;B;B;A
alan;D;B;D;C;B;B;D;D;Z;A
alaric;Z;A;D;D;Z;D;D;C;Z;Z
alba;Z;A;C;C;Z;D;Z;C;B;A
alban;C;D;Z;B;Z;D;A;C;D;B
albert;D;D;C;B;C;B;A;B;A;B
alberta;A;D;A;Z;A;B;B;C;A;A
albertina;B;Z;C;D;A;B;C;B;A;Z
albertine;B;A;A;C;A;D;B;C;D;Z
alberto;A;A;C;C;A;D;Z;C;Z;Z
albrecht;A;D;Z;C;D;C;B;B;D;C
alby;C;D;D;C;Z;C;C;B;A;Z
alden;B;A;B;B;D;D;A;C;C;C
aldo;C;Z;C;Z;B;B;B;B;A;D
aldous;A;D;B;A;B;A;B;B;D;A
alea;Z;B;D;D;C;A;D;C;C;C
alec;Z;C;B;D;B;D;C;D;Z;D
alessandro;D;Z;B;D;C;Z;D;D;A;A
alex;A;C;A;Z;C;D;D;C;B;B
alexander;C;Z;D;C;D;B;C;B;B;A
alexandra;A;C;C;D;A;C;A;A;D;C
alexandre;A;C;Z;Z;C;D;D;Z;A;B
alexandrie;A;D;Z;C;D;A;A;A;C;A
alexandros;C;B;D;A;D;Z;C;A;A;D
alf;Z;A;D;B;D;C;B;D;D;D
alfons;A;B;A;C;Z;C;B;A;A;B
alfonso;Z;Z;C;D;A;C;A;A;D;Z
alfred;A;A;Z;B;D;D;C;D;A;C
alfredo;B;Z;D;A;D;Z;D;D;B;A
alger;A;D;B;B;D;B;B;B;A;C
algernon;D;A;A;C;D;D;Z;A;D;C
ali;D;A;A;C;D;D;A;B;B;B
alia;A;D;Z;B;D;D;C;Z;C;C
alice;Z;D;B;A;D;Z;B;A;D;D
alicia;B;B;D;B;C;A;C;C;A;C
alida;B;Z;D;C;B;C;A;C;D;B
alin;A;C;A;C;C;A;A;D;B;Z
aline;A;B;Z;A;D;B;A;Z;C;Z
alis;Z;Z;D;A;A;B;C;B;C;A
alisa;A;A;C;A;D;C;B;Z;D;C
alison;B;A;A;B;C;Z;A;A;C;D
alissa;C;Z;D;D;D;D;A;D;D;A
alistair;D;C;Z;B;B;D;D;A;A;D
alix;B;B;A;Z;A;Z;C;B;A;B
allan;D;D;C;A;A;A;B;Z;C;C
allegria;A;C;C;B;B;C;C;C;B;A
allen;C;Z;A;A;D;C;D;C;B;D
allie;D;A;D;Z;B;A;D;Z;C;C
allison;D;Z;B;C;A;A;A;B;C;C
allon;C;D;B;Z;B;A;C;C;B;C
alma;B;D;A;B;A;B;Z;B;A;D
alonso;B;C;Z;A;D;A;D;B;D;D
alonzo;D;C;B;Z;D;C;B;B;B;Z
aloysius;A;Z;A;Z;C;B;C;C;D;B
alpha;D;D;A;B;C;A;D;A;A;C
alphonse;B;B;C;A;B;D;C;B;A;D
alphonsine;C;Z;D;A;D;D;C;Z;D;A
alpin;C;D;D;C;B;B;Z;C;A;D
alta;A;D;C;D;C;B;A;B;Z;A
altan;Z;B;A;A;B;C;C;C;A;C
alter;Z;D;A;C;A;C;C;B;A;B
althea;D;B;C;D;A;B;D;C;B;A
alton;B;B;D;B;C;Z;Z;D;B;D
alun;B;D;A;D;B;B;Z;D;C;B
alva;C;A;B;D;A;A;B;Z;A;A
alvar;C;D;A;C;B;C;B;D;D;A
alvin;D;B;B;A;B;B;D;D;B;Z
ama;D;C;B;C;D;B;A;A;C;C
amada;B;A;C;A;B;Z;D;A;B;A
amadeo;Z;A;D;Z;C;D;C;A;B;A
amadeus;A;Z;Z;C;A;B;A;A;A;B
amalia;Z;Z;Z;Z;D;D;B;A;A;B
amanda;C;C;Z;A;D;B;D;C;C;Z
amandine;Z;D;B;A;D;Z;Z;D;D;A
amar;B;C;B;D;A;B;B;A;B;D
amara;D;B;D;D;C;B;C;D;C;D
amarante;A;D;D;B;D;A;C;D;B;Z
amaryllis;A;A;B;D;A;B;B;B;D;A
amaterasu;B;A;A;D;Z;D;C;D;A;D
amaury;C;C;A;B;C;B;B;B;D;B
amber;A;B;B;B;C;C;B;A;D;A
ambre;A;D;C;A;D;B;B;C;B;D
ambrogio;Z;C;C;B;C;D;C;D;C;D
ambroise;C;C;C;C;A;D;D;Z;C;D
ambrose;A;A;Z;C;D;C;D;C;D;D
amédée;B;A;B;D;B;D;C;C;C;A
amedeo;D;B;D;C;Z;A;C;A;Z;B
amélia;A;D;D;Z;B;C;Z;C;D;D
amélie;C;D;B;D;Z;B;B;D;D;A
amen;C;C;A;B;D;C;Z;D;B;A
america;D;D;C;D;A;Z;B;Z;B;B
amerigo;D;B;C;A;D;B;C;C;A;D
ami;D;A;D;C;A;Z;B;D;D;B
amice;D;B;Z;D;B;A;D;B;C;B
amie;A;B;B;B;Z;D;D;Z;D;D
amilcar;A;D;B;B;Z;A;A;Z;D;A
amin;B;B;C;B;D;A;C;B;D;C
aminta;A;B;D;Z;Z;Z;A;B;D;C
ammon;B;D;C;B;D;D;C;B;A;C
amon;C;A;A;A;B;A;B;A;B;B
amos;B;B;B;C;D;Z;A;A;A;D
amy;B;A;A;B;A;C;C;B;Z;B
an;Z;B;A;Z;A;B;Z;Z;D;C
ana;A;B;D;D;B;A;C;A;A;A
anaïs;C;B;C;Z;C;Z;D;Z;A;Z
ananda;B;A;D;B;C;A;Z;B;D;B
anargyros;Z;D;B;Z;D;A;B;A;A;D
anas;D;A;A;A;B;D;A;A;B;Z
anastasia;D;A;C;B;B;D;B;A;B;A
anastasie;A;C;B;A;B;C;Z;D;Z;A
anat;A;C;D;A;B;C;A;A;Z;Z
anatole;A;C;A;A;C;C;D;A;D;B
anders;B;B;A;C;C;B;C;Z;D;C
anderson;D;C;B;B;B;C;D;C;D;B
andré;A;B;B;Z;C;Z;A;B;C;A
andreas;A;D;A;B;Z;Z;B;D;D;D
andrée;D;A;C;B;Z;A;Z;C;C;D
andrei;C;A;C;A;D;C;A;B;C;A
andrés;Z;B;A;D;B;A;D;D;C;D
andreu;Z;B;D;A;A;C;D;C;A;C
andrew;C;B;C;Z;B;D;D;D;Z;C
andro;B;C;C;B;C;B;C;C;Z;C
andrzej;Z;B;D;C;A;C;A;C;A;B
andy;A;B;B;D;D;C;A;A;B;Z
ane;D;C;Z;B;D;A;B;B;Z;A
angel;C;A;A;D;A;C;Z;B;A;D
angela;Z;C;B;A;C;Z;C;A;B;A
angèle;B;Z;C;D;A;C;B;C;A;D
angelica;C;Z;C;Z;D;A;D;B;B;C
angelina;A;D;C;C;A;Z;A;B;C;D
angeline;A;A;Z;A;A;A;C;B;D;D
angelique;C;Z;D;D;D;B;C;C;B;Z
angelo;A;D;B;C;D;B;C;B;D;A
angelos;D;B;C;A;C;C;D;B;A;A
angie;C;A;D;C;C;B;B;D;D;D
angus;A;A;C;A;D;C;D;C;C;D
ania;C;C;D;D;A;D;B;C;C;Z
aniela;Z;D;B;D;Z;D;Z;A;C;D
anita;A;D;C;C;D;D;C;A;A;B
anja;A;A;A;D;B;C;A;D;Z;C
anjali;C;D;D;D;A;C;A;A;Z;B
ann;Z;C;C;C;D;A;Z;B;B;Z
anna;D;D;Z;B;Z;C;B;Z;Z;Z
annabel;A;C;D;C;C;C;D;D;B;Z
annabella;A;C;A;A;A;A;B;B;B;B
anne;A;Z;D;A;D;A;A;Z;C;D
anneliese;C;D;C;D;A;C;Z;C;C;D
annette;A;D;B;D;A;A;C;B;B;D
annick;C;C;D;A;B;D;C;A;C;B
annie;A;Z;B;A;C;D;A;Z;D;B
annunziata;A;B;Z;B;C;A;A;B;C;D
anouk;Z;D;D;Z;B;C;B;C;B;D
ansel;B;A;A;D;B;C;A;A;C;B
anselme;B;B;A;B;C;C;C;C;D;C
anson;C;C;A;C;Z;Z;C;A;Z;C
antal;B;A;C;B;A;B;Z;B;Z;D
antanas;C;B;A;C;A;Z;A;C;A;A
ante;C;D;D;C;B;Z;A;Z;D;A
anthony;B;A;C;A;B;D;Z;A;C;C
antigone;D;Z;C;B;C;D;A;B;B;D
antiope;A;Z;B;C;Z;C;Z;C;A;C
anto;B;B;A;C;D;A;D;A;C;A
antoine;A;C;C;D;A;Z;B;B;B;D
antoinette;A;A;C;Z;D;D;B;C;A;C
anton;B;C;B;B;A;C;B;B;C;A
antonella;A;B;A;D;C;D;D;C;D;D
antonello;A;A;Z;B;C;B;A;B;Z;D
antoni;Z;C;B;D;A;Z;A;B;C;Z
antonia;C;D;B;Z;A;C;B;A;A;Z
antonio;B;D;D;C;D;C;A;A;C;B
antonius;D;C;D;C;C;B;A;B;D;Z
antony;D;Z;A;A;B;A;C;C;A;Z
anubis;D;D;C;C;C;C;C;B;B;Z
anwar;B;B;D;C;Z;C;A;B;D;A
aphrodite;B;D;A;C;A;A;A;Z;D;C
apollinaire;B;A;C;B;A;A;D;A;A;B
apolline;D;A;D;C;B;B;Z;A;C;B
apollo;A;C;C;Z;C;C;D;Z;A;C
apollonia;B;B;A;D;C;A;C;D;C;D
appius;A;A;A;A;D;B;A;C;C;Z
aquila;Z;D;D;C;D;C;Z;C;B;C
arabella;Z;Z;A;A;B;C;A;A;A;A
aran;A;B;D;A;Z;A;A;D;D;B
aras;B;Z;A;B;A;B;Z;A;D;C
arcadia;D;D;A;C;C;D;A;B;A;D
archibald;D;D;A;A;B;B;B;D;D;B
archie;A;B;B;D;C;B;D;B;C;A
arden;B;C;Z;C;D;A;D;A;A;B
ares;D;D;C;D;D;C;B;Z;A;B
aretha;A;C;B;A;D;B;C;C;C;C
argus;A;B;D;A;C;B;C;D;Z;A
aria;B;Z;C;C;A;C;B;B;C;C
ariadne;B;A;B;D;B;C;C;A;C;D
ariana;C;B;C;D;C;D;C;B;Z;D
ariane;B;C;A;C;C;A;B;C;C;D
ariel;D;C;D;D;A;A;B;C;A;A
arielle;C;D;C;C;C;A;D;B;B;C
aristide;A;D;Z;A;A;C;A;D;A;A
ariston;A;B;C;D;C;D;A;D;A;D
arjuna;D;D;A;D;A;D;D;D;C;B
arkadi;A;A;Z;C;D;B;C;B;Z;B
arlen;B;D;A;A;D;A;B;Z;D;B
arlette;A;B;A;A;A;D;C;Z;B;A
armand;D;D;B;D;Z;A;C;C;D;A
armel;A;D;A;A;Z;B;C;D;A;D
armin;A;Z;A;B;D;A;D;C;C;B
arn;B;B;Z;C;B;B;B;Z;B;B
arnaud;B;C;Z;Z;B;A;B;A;C;A
arnaude;D;Z;A;C;D;A;A;A;A;Z
arndt;B;C;D;A;A;Z;A;D;A;B
arnold;C;D;C;A;B;B;C;A;D;D
aron;C;Z;B;D;B;B;A;D;C;A
arrigo;C;D;B;B;B;Z;C;C;B;A
arsen;A;D;A;D;A;C;C;Z;C;A
arsenios;D;D;D;B;A;C;C;B;Z;B
art;A;C;D;C;D;B;D;A;D;C
artemisia;D;B;B;D;A;D;B;A;D;Z
arthur;D;B;B;Z;A;Z;C;D;C;D
artur;C;A;B;D;D;B;B;D;D;D
arturo;B;A;D;C;A;A;D;C;B;Z
asa;D;D;A;A;A;A;B;C;B;C
asaph;A;D;C;D;A;C;Z;C;C;B
asdrubal;C;C;A;A;Z;A;C;B;A;C
ash;A;D;A;C;C;Z;A;D;D;B
ashanti;D;B;D;B;B;D;C;A;D;C
asher;B;A;A;Z;D;Z;C;C;D;Z
ashley;D;C;A;C;C;B;C;B;B;A
ashton;D;D;Z;A;B;A;B;A;D;A
asta;B;B;B;B;B;A;B;B;C;C
astaroth;D;D;B;C;A;B;C;Z;B;B
astor;C;A;A;D;B;B;C;B;B;B
astra;C;B;C;Z;D;A;C;A;B;B
astrid;A;D;D;Z;A;Z;A;D;B;B
atalanta;D;Z;C;C;C;A;A;Z;B;C
atallah;B;A;C;A;A;C;C;C;B;Z
athelstan;A;B;C;A;D;A;C;B;D;A
atlas;Z;A;B;C;C;Z;B;A;Z;B
atticus;B;B;B;C;D;A;A;A;C;C
attila;B;D;B;B;D;B;B;D;Z;A
attilio;A;C;A;C;A;C;D;B;D;D
aubrey;Z;B;B;C;B;D;C;A;A;C
aude;Z;B;Z;D;A;C;D;B;D;A
audrey;D;A;D;A;D;B;A;C;C;C
augusta;D;D;B;A;B;Z;D;A;A;B
auguste;A;A;B;B;D;D;Z;B;B;C
augustin;C;B;B;Z;D;D;C;B;C;A
augustine;A;D;D;D;B;Z;B;D;C;C
augusto;C;D;D;B;D;B;A;A;C;C
augustus;C;D;C;C;A;D;A;B;B;Z
aulus;A;B;B;B;C;B;A;B;D;Z
aune;A;A;B;B;D;A;A;Z;C;Z
aura;B;C;B;Z;A;C;B;A;B;B
aurel;D;Z;A;Z;Z;Z;C;D;Z;B
aurèle;B;D;C;A;C;B;B;Z;Z;C
aureliano;D;A;C;D;Z;B;B;B;D;C
aurélie;A;A;A;C;C;C;A;A;A;C
aurelio;D;A;A;A;B;A;B;D;C;A
aurora;D;B;B;C;C;C;D;Z;A;D
aurore;A;C;A;A;D;D;D;C;C;A
austen;A;A;C;D;D;D;B;C;D;Z
austin;C;D;A;B;C;A;D;D;C;D
autumn;D;C;D;Z;A;A;C;A;B;D
avalon;B;A;B;C;B;D;Z;C;Z;C
aveline;A;A;A;D;C;Z;A;B;C;Z
avery;A;D;D;C;C;Z;B;B;D;D
avice;C;Z;B;B;Z;C;C;C;Z;D
avila;Z;Z;A;A;D;Z;C;D;Z;C
avis;C;Z;B;B;B;A;A;C;B;D
aviv;C;B;A;D;B;D;C;Z;C;A
aviva;A;C;C;A;B;B;D;Z;Z;D
avram;Z;C;C;D;Z;B;D;C;B;C
avril;C;C;D;B;B;B;Z;D;D;Z
axel;A;Z;C;D;A;C;C;C;A;A
azarias;Z;A;C;D;A;A;B;A;B;A
aziz;D;A;B;D;A;B;B;C;D;C
baal;C;A;D;A;D;B;Z;B;C;A
babar;B;D;C;C;D;D;B;C;D;B
babette;D;Z;Z;A;Z;A;C;B;D;D
bacchus;B;D;C;D;B;C;A;D;B;A
badr;D;A;A;Z;Z;A;Z;B;B;B
baha;D;A;B;A;C;C;D;A;C;D
bai;C;B;C;B;Z;C;B;C;A;C
bailey;B;D;D;B;C;Z;A;A;C;D
bakr;Z;B;Z;C;Z;Z;D;D;A;B
baldur;B;D;C;Z;B;Z;B;A;Z;C
baldwin;B;C;Z;B;B;C;A;A;D;C
balfour;Z;C;B;A;Z;Z;B;C;C;B
baltasar;A;A;D;D;D;A;C;A;D;C
balthazar;A;D;Z;A;D;B;Z;D;D;D
bambi;B;B;D;D;D;D;B;A;B;A
bandi;C;D;B;A;D;A;A;A;Z;A
baptiste;A;D;A;A;B;D;Z;Z;C;D
barbara;A;A;C;A;D;A;Z;D;C;C
barbie;B;C;D;A;D;D;Z;B;B;D
barclay;D;A;C;Z;D;D;D;D;B;B
baris;D;B;A;C;A;C;C;Z;A;B
barna;D;D;B;B;D;C;A;Z;D;B
barnabas;D;A;D;A;D;B;C;D;D;A
barnabé;C;B;D;Z;Z;Z;A;A;B;C
barney;C;A;C;C;Z;Z;C;B;C;B
barra;A;D;B;D;D;Z;C;D;A;D
barrett;C;D;C;D;A;Z;A;B;A;A
barry;B;A;C;A;C;A;A;D;Z;D
bart;B;B;Z;A;A;C;C;D;B;A
barthélémy;A;D;D;C;A;A;C;A;C;D
bartholomew;B;A;C;Z;D;C;B;A;D;A
bartolomé;D;D;C;D;D;D;A;B;C;Z
bartolomeo;A;Z;C;B;C;A;B;A;B;C
baruch;D;A;Z;D;C;Z;C;C;C;B
bas;D;A;D;B;A;D;D;A;B;A
basant;C;C;A;D;Z;B;C;B;B;C
basil;D;B;C;A;C;Z;A;A;A;D
basile;C;A;A;B;A;A;Z;A;D;B
bassam;D;A;D;Z;B;B;A;B;D;B
bastian;B;B;C;Z;C;A;B;C;C;A
bastien;B;C;A;C;D;C;A;C;B;Z
battista;C;A;C;B;A;Z;C;A;C;D
baudouin;A;D;Z;A;A;B;C;A;C;B
bea;B;A;D;Z;B;D;B;Z;D;D
beata;A;B;C;B;Z;A;A;C;B;D
beate;D;B;B;C;C;A;A;A;A;Z
béatrice;D;Z;A;C;D;C;A;D;C;C
beatrice;B;D;Z;C;Z;B;Z;A;D;D
beau;D;C;D;D;B;C;A;B;B;B
beaumont;C;B;B;A;D;Z;A;Z;D;D
beauregard;A;Z;B;Z;D;D;C;A;D;B
bede;D;B;C;B;A;A;A;A;D;D
bee;B;Z;D;D;B;C;D;B;D;B
béla;D;C;A;B;B;B;D;A;D;D
belinda;C;A;B;A;B;A;D;B;C;C
bella;B;Z;A;C;D;Z;A;B;A;A
belle;A;D;B;B;D;Z;C;B;Z;B
ben;A;D;B;C;Z;B;B;D;B;C
benedek;A;D;Z;Z;C;A;D;D;D;D
benedetto;C;A;B;Z;D;C;A;D;B;B
benedict;Z;D;C;B;D;A;A;A;Z;D
bénédicte;B;D;B;D;B;Z;C;D;A;D
benito;D;B;A;A;D;A;B;D;D;C
benjamin;C;B;B;C;A;D;D;D;B;A
benjamine;B;B;C;A;C;D;A;B;B;C
bennett;D;D;C;A;Z;Z;D;D;D;D
benny;D;A;D;C;A;A;B;B;D;D
benoit;B;Z;Z;D;D;D;D;C;C;B
benson;A;B;D;D;B;D;Z;D;D;D
bent;A;Z;A;Z;B;A;C;A;B;A
bentley;B;C;D;C;C;C;A;Z;Z;B
benton;A;D;A;Z;C;A;B;A;Z;B
benvenuto;A;B;D;C;B;C;Z;D;D;C
ber;Z;B;A;D;D;A;B;A;A;C
berit;B;A;A;C;C;D;A;B;B;C
berk;D;D;D;B;Z;A;B;A;A;C
berlin;A;B;Z;D;B;C;A;B;B;B
bernadette;B;Z;C;D;D;Z;A;C;A;A
bernard;C;A;D;A;B;D;B;C;B;B
bernardino;B;A;C;C;B;D;Z;C;B;C
bernardo;D;D;B;B;A;D;A;C;D;C
bernd;C;A;A;A;D;C;D;D;D;C
bernhard;C;C;C;D;C;C;B;C;D;D
bert;D;C;Z;A;A;B;A;D;C;C
berta;C;C;D;A;C;B;B;C;C;B
bertha;B;B;B;A;B;A;B;D;B;C
berthe;C;A;D;A;D;C;C;Z;C;D
berthold;A;A;B;Z;D;A;Z;C;B;A
bertie;C;B;A;D;B;C;B;A;D;B
bertram;A;Z;D;B;A;C;B;C;C;C
bertrand;D;Z;D;A;B;A;Z;Z;A;C
bess;C;D;D;B;A;B;C;C;C;A
bessie;A;A;C;B;D;B;Z;C;Z;B
beth;B;A;A;A;B;D;A;A;Z;C
bette;A;C;D;Z;C;C;Z;C;B;Z
betty;A;D;C;D;A;A;C;A;B;C
beulah;B;C;D;Z;C;A;B;A;C;B
bevan;B;D;Z;C;A;A;D;D;B;C
beverly;C;A;B;A;A;C;C;B;A;C
bevin;D;B;A;C;D;B;Z;Z;C;B
biagio;C;A;D;A;Z;D;A;D;B;C
bianca;Z;Z;A;B;C;A;C;A;A;D
bile;A;Z;D;C;B;B;C;C;B;B
bilge;B;A;D;C;B;A;D;C;C;C
bill;D;B;Z;Z;Z;Z;A;Z;C;C
billie;A;D;A;C;D;Z;A;D;A;B
billy;A;A;C;Z;C;A;A;B;C;A
binh;D;C;B;C;D;C;A;B;D;B
blair;A;A;C;D;A;A;D;A;A;Z
blaise;Z;A;C;D;D;B;C;A;B;B
blake;C;D;A;Z;C;A;C;C;A;A
blanca;D;C;A;B;D;B;A;C;B;A
blanche;C;A;D;B;B;A;D;A;B;A
blaze;Z;Z;A;D;B;C;A;B;A;B
blondie;D;B;B;B;B;A;B;Z;C;B
blossom;B;C;C;A;B;D;D;B;A;A
bob;A;C;A;D;D;A;D;D;D;C
bobby;B;C;A;D;D;A;B;C;A;B
bogdan;B;B;C;B;B;A;C;B;C;C
bohuslav;Z;B;Z;B;B;D;B;D;D;B
boleslav;D;A;A;B;A;Z;A;Z;C;A
bolivar;D;D;D;A;B;Z;C;B;A;B
bonaventure;Z;B;Z;A;Z;B;Z;B;C;B
boniface;A;B;A;C;A;C;B;A;A;D
bonifacio;C;B;B;D;D;A;D;D;D;D
bonita;B;C;Z;A;B;B;A;A;D;A
bonnie;D;B;A;A;A;A;C;A;C;A
booker;C;Z;D;C;Z;Z;C;Z;B;C
bora;D;C;A;C;C;B;C;B;D;C
boris;C;A;A;C;D;C;B;D;A;D
boutros;C;A;Z;B;C;C;D;C;B;B
boyd;C;B;C;C;C;D;C;Z;D;A
brad;C;D;Z;Z;D;A;C;D;Z;C
bradford;Z;A;D;B;B;C;B;A;B;C
bradley;B;D;D;C;Z;A;C;C;B;A
brady;Z;C;Z;C;C;A;C;Z;A;D
brahma;C;C;A;B;A;A;B;C;A;D
bram;C;D;B;Z;B;D;C;A;A;A
brand;A;D;Z;D;C;C;B;D;C;Z
brande;D;C;B;C;Z;D;A;A;Z;D
brandi;D;C;C;D;C;D;B;A;D;C
brandie;C;C;D;A;A;C;Z;A;D;B
brandon;C;D;C;C;D;B;C;Z;C;B
brandt;Z;D;B;B;B;D;C;C;D;D
brandy;C;A;A;B;D;A;C;D;A;D
brant;C;A;B;C;C;Z;A;A;Z;C
bras;D;B;D;B;D;B;C;B;A;A
brava;B;D;D;B;A;C;D;B;B;D
breda;C;C;A;D;B;B;A;C;C;A
brenda;C;Z;D;C;B;C;D;Z;A;C
brendan;B;B;A;Z;C;D;A;B;B;B
brennus;Z;B;A;Z;A;A;C;Z;C;B
brent;B;C;A;B;Z;C;D;D;A;C
bret;C;Z;C;Z;Z;C;C;C;Z;D
brett;C;C;Z;B;D;D;Z;A;D;C
brian;A;B;A;B;C;B;A;D;C;D
brice;C;B;B;D;A;Z;D;Z;C;C
bride;A;D;B;A;B;B;D;D;B;A
bridger;B;D;D;D;A;A;C;Z;D;D
brigham;B;B;B;B;A;C;Z;D;B;A
brigida;A;B;B;B;D;A;D;D;B;A
brigitte;B;B;B;D;C;C;D;D;A;C
brin;D;C;D;A;A;Z;B;C;D;C
bristol;C;Z;B;Z;D;C;C;D;D;C
britton;B;C;C;A;A;C;Z;Z;B;B
brogan;B;B;D;B;C;A;Z;Z;B;A
bron;B;B;A;A;C;A;Z;B;C;C
brook;B;Z;C;Z;D;A;B;Z;D;C
brooke;Z;D;C;Z;A;Z;D;A;D;C
brooklyn;A;A;A;A;B;D;D;Z;A;D
brooks;B;Z;Z;D;B;D;B;A;B;D
bruce;C;A;A;C;A;Z;B;C;A;D
bruna;D;D;D;C;A;A;D;C;D;D
brunette;C;C;A;D;B;D;B;C;B;Z
bruno;C;C;D;A;A;B;D;B;B;A
brutus;A;C;D;C;B;A;C;A;A;C
bryan;D;A;A;A;Z;C;C;Z;D;B
bryant;C;B;B;B;D;Z;A;B;Z;B
bryce;Z;C;B;C;B;C;C;D;B;C
buck;D;C;A;D;B;D;A;A;Z;A
bud;Z;D;D;A;Z;B;D;D;Z;C
buddy;B;Z;D;D;B;C;B;B;D;D
burt;B;D;B;D;B;A;C;C;A;B
burton;B;C;C;D;A;A;D;B;B;D
buster;A;A;A;A;B;C;C;A;B;A
byron;C;Z;C;D;C;C;A;A;C;B
cade;B;B;B;D;B;C;B;B;C;A
cadence;A;D;B;C;C;B;D;B;A;C
cadi;D;A;C;C;B;C;B;Z;A;C
cadogan;D;Z;C;C;B;C;D;D;Z;B
caesar;D;A;C;D;B;B;C;D;Z;Z
cai;B;C;C;B;A;Z;A;C;C;C
cain;B;C;D;B;B;C;C;D;A;B
cairo;D;D;D;C;D;A;C;A;A;A
caius;D;D;A;B;B;A;B;A;Z;C
cal;B;C;Z;A;Z;A;A;D;B;D
caleb;A;B;Z;D;C;A;B;D;C;Z
caligula;D;A;B;A;Z;C;B;C;D;C
calla;B;C;B;B;D;Z;Z;C;D;B
calliope;C;A;D;D;Z;A;Z;A;B;Z
callum;A;C;Z;B;Z;D;C;A;A;B
calvin;B;C;B;C;C;C;B;A;B;Z
calypso;A;D;D;B;D;B;C;D;Z;A
camden;D;B;B;Z;D;C;A;D;Z;B
cameron;C;D;B;A;A;A;D;A;C;D
camilla;Z;Z;A;B;A;C;B;B;A;C
camille;B;A;Z;B;C;A;C;D;D;Z
camillo;C;A;C;C;Z;B;D;D;C;D
campbell;A;A;B;D;B;C;A;C;A;D
can;B;C;B;C;B;D;B;Z;A;B
candace;C;A;D;D;B;A;C;A;D;B
candela;A;C;B;Z;D;A;A;A;D;D
candelario;D;D;A;C;B;A;C;D;Z;C
candelas;D;B;D;A;A;Z;D;A;D;Z
candi;B;B;Z;B;B;B;A;C;D;A
candida;A;D;B;Z;B;B;D;Z;C;A
candis;B;C;C;C;D;B;A;B;D;A
candy;A;Z;Z;Z;C;B;D;B;C;C
caprice;D;D;B;B;C;D;A;A;Z;D
cara;A;B;Z;D;A;C;B;D;A;B
cari;C;D;A;A;Z;D;C;D;A;C
caridad;A;D;D;Z;A;D;A;B;C;Z
carin;B;C;D;D;A;C;A;D;D;D
carina;C;C;D;A;Z;A;C;A;A;C
carine;A;D;B;D;C;B;B;A;Z;A
caris;A;Z;A;C;C;Z;B;C;C;Z
carl;D;C;C;C;A;C;C;B;B;B
carla;A;A;C;Z;A;B;A;C;A;C
carles;D;B;C;D;C;C;A;B;C;A
carlisle;Z;A;A;B;A;C;C;D;A;B
carlo;D;B;C;Z;A;A;A;Z;C;D
carlos;Z;C;D;D;Z;A;D;C;C;B
carlotta;B;A;C;B;C;C;Z;A;D;B
carlton;B;B;B;C;C;C;Z;C;B;C
carlyle;B;D;C;B;Z;A;A;C;Z;C
carmel;B;A;Z;C;C;D;B;Z;A;C
carmela;B;B;Z;A;D;D;B;A;B;D
carmelo;Z;D;D;A;Z;Z;C;D;B;A
carmen;Z;D;Z;B;C;D;D;C;C;B
carmina;D;C;D;C;C;A;C;D;C;C
carmine;A;D;D;Z;C;A;D;Z;A;A
carmo;C;C;B;Z;D;C;A;B;B;A
carol;D;B;A;C;C;Z;B;Z;Z;B
carole;D;B;A;B;Z;C;C;C;B;C
carolina;D;A;Z;C;C;D;Z;A;B;B
caroline;D;C;D;Z;D;D;A;C;Z;A
carolus;C;D;D;B;B;B;C;C;C;D
caron;B;A;D;D;A;A;D;B;C;B
carroll;A;D;B;B;B;D;B;D;Z;C
carry;D;C;D;A;A;Z;Z;D;C;A
carson;C;D;C;D;B;C;C;A;Z;Z
carsten;A;C;B;B;B;D;D;D;D;B
carter;Z;B;B;Z;Z;Z;B;D;C;A
cary;Z;D;B;D;B;A;Z;A;D;A
casey;D;C;C;Z;Z;C;B;B;B;C
casimir;C;B;Z;A;B;Z;A;D;C;B
caspar;D;C;D;C;A;A;B;C;D;B
casper;D;D;B;Z;Z;A;A;D;Z;A
cass;B;C;C;A;D;B;A;D;D;A
cassidy;B;A;B;A;A;C;B;D;D;C
cassiopeia;B;D;B;A;Z;B;A;A;A;B
cassius;A;B;A;C;B;A;B;C;D;Z
castor;D;Z;D;Z;D;A;C;C;A;B
catalina;D;B;D;A;A;D;A;B;B;D
catarina;B;B;D;D;A;C;B;D;C;D
caterina;C;Z;A;B;Z;A;C;D;A;B
catherine;B;D;D;D;A;Z;Z;Z;D;A
cathy;Z;Z;D;A;A;A;A;B;C;D
cayley;D;Z;D;C;B;C;A;C;B;B
cecil;A;D;A;D;D;C;A;B;C;B
cécile;D;A;B;C;B;Z;A;C;C;C
cecilia;D;C;D;D;B;B;C;C;A;Z
céleste;D;B;A;A;B;A;D;C;B;A
celeste;A;D;B;B;Z;B;D;B;A;A
célestin;D;C;C;Z;A;A;C;A;A;D
celestina;A;C;A;C;B;D;A;C;B;C
célestine;C;Z;A;D;Z;B;B;B;D;B
celestino;D;Z;D;C;D;C;B;B;D;Z
célia;Z;D;B;C;B;D;A;A;C;Z
celina;A;B;Z;C;Z;C;A;B;A;C
céline;B;A;D;C;B;B;D;Z;B;C
cerise;C;B;A;C;Z;C;D;C;Z;D
césar;C;C;Z;A;D;D;A;Z;B;D
cesare;D;B;Z;A;D;A;D;B;D;Z
chadwick;C;A;A;D;D;D;B;A;D;D
chance;Z;A;A;C;D;A;A;Z;A;A
chandler;A;A;Z;A;C;Z;A;C;A;A
chandra;B;C;Z;D;C;B;D;D;A;B
chanel;Z;D;A;A;Z;Z;C;A;A;B
chang;B;A;D;D;C;D;A;A;D;D
chantal;A;D;D;A;A;Z;D;B;A;A
chanté;A;D;C;D;B;A;D;C;C;C
chao;B;Z;A;D;A;Z;C;B;Z;A
chara;B;D;D;A;C;C;C;B;C;A
charity;A;D;D;A;C;C;D;C;D;A
charles;D;C;B;A;D;C;A;Z;C;D
charley;C;A;C;C;D;C;C;D;A;D
charlie;B;Z;B;C;C;B;Z;B;D;B
charlot;D;A;D;B;D;Z;C;D;D;D
charlotte;D;A;C;A;A;C;C;D;Z;C
charlton;A;D;B;A;D;C;D;D;C;B
charnette;A;C;A;B;D;A;B;A;C;B
chas;D;B;Z;Z;C;A;Z;Z;C;A
chase;D;A;D;Z;A;B;C;A;C;C
chastity;D;C;A;B;A;B;D;A;A;C
chau;B;D;C;B;Z;D;D;B;C;C
che;A;D;D;A;B;C;Z;C;C;C
chelsea;Z;Z;B;C;Z;D;A;C;C;D
cheng;B;C;A;D;D;D;B;D;B;B
cher;B;B;C;B;A;D;B;D;Z;D
cherokee;C;B;D;B;A;C;C;Z;B;D
cherry;B;C;D;A;C;C;B;B;C;C
chester;B;D;D;D;Z;D;B;C;Z;B
chet;Z;B;B;Z;C;A;C;D;C;C
cheyenne;Z;C;C;C;D;C;D;Z;C;C
chi;D;C;Z;A;A;C;C;D;D;B
chiara;A;C;Z;A;C;C;A;C;A;C
chin;C;C;Z;A;A;B;C;Z;A;A
china;B;D;A;C;C;C;C;A;B;A
chloé;D;D;B;C;Z;C;C;Z;D;C
chris;A;B;C;A;D;B;B;C;D;D
christ;A;C;C;B;C;D;Z;B;B;C
christa;D;B;A;Z;D;A;D;C;Z;B
christi;A;B;D;C;Z;A;C;D;B;D
christian;A;C;D;D;A;C;B;D;B;A
christiana;C;Z;A;A;B;Z;A;A;A;C
christiane;Z;C;B;A;D;C;A;B;D;C
christie;B;C;B;B;A;D;B;C;A;B
christina;A;C;B;B;D;B;B;B;B;A
christine;A;Z;D;C;C;A;D;Z;Z;D
christmas;D;C;Z;C;D;D;C;C;A;C
christophe;D;D;B;B;B;B;A;A;A;D
christopher;C;C;B;A;C;A;B;Z;D;C
christos;A;B;Z;A;B;D;Z;C;Z;B
christy;C;B;D;A;D;D;C;B;D;C
chuck;D;B;A;C;A;Z;C;A;C;C
chun;B;C;A;C;C;B;B;B;A;D
chus;B;D;D;B;B;A;Z;C;D;D
cicero;C;B;A;C;C;D;D;D;B;Z
ciel;Z;D;A;A;C;D;A;B;C;C
cilla;C;A;D;B;B;C;C;D;C;Z
cipriano;D;D;A;C;C;B;B;D;A;D
circe;A;C;A;C;C;B;A;C;B;Z
claire;D;B;Z;D;Z;C;B;B;A;D
clara;B;C;D;B;A;A;C;C;B;A
clare;C;C;B;B;B;D;A;C;A;A
clarence;C;B;D;B;C;B;A;A;A;A
clarissa;C;Z;Z;A;C;A;C;B;B;A
clarisse;D;C;Z;A;A;C;C;Z;D;Z
clark;D;B;A;D;C;B;B;A;A;C
claud;C;C;B;Z;Z;A;D;C;A;C
claude;D;A;C;B;D;Z;B;Z;B;D
claudette;B;B;B;C;B;D;B;B;C;A
claudia;C;C;D;A;B;C;C;B;Z;A
claudine;D;D;B;A;B;Z;B;B;B;C
claudio;B;A;D;D;C;D;B;Z;C;B
claudius;B;D;A;Z;A;A;A;Z;C;A
claus;B;C;C;D;Z;B;A;B;A;A
clay;C;Z;B;D;A;C;B;C;C;D
clayton;C;C;C;B;D;A;D;A;Z;D
clem;D;A;C;C;B;D;B;Z;A;B
clémence;B;B;B;B;A;D;Z;C;A;C
clemens;D;B;Z;B;D;D;C;C;C;B
clément;B;B;B;A;C;Z;B;B;A;C
clement;A;C;D;B;B;C;D;D;D;C
clemente;D;D;B;A;C;A;D;D;B;C
cleveland;A;A;B;A;B;B;C;D;C;B
cliff;C;B;D;A;A;A;C;A;Z;Z
clifford;B;D;B;C;C;B;A;C;D;D
clint;B;C;Z;D;D;B;D;B;A;B
clinton;D;D;B;C;Z;B;B;Z;B;A
clio;C;B;D;A;C;A;B;A;A;A
clive;Z;A;B;Z;B;D;D;D;C;A
clovis;A;C;A;B;C;A;C;Z;B;A
clyde;B;A;B;C;C;A;D;Z;C;C
cody;B;D;B;Z;B;B;D;C;C;A
colbert;B;B;B;A;A;D;B;D;Z;C
cole;D;B;Z;D;A;B;A;Z;A;D
coleman;D;B;C;A;B;C;A;A;A;A
colette;D;B;D;A;D;C;Z;C;C;C
colin;C;Z;B;B;C;D;C;D;A;A
collin;Z;A;Z;B;C;C;C;B;C;B
colm;C;D;A;A;C;C;B;A;B;Z
colombe;B;Z;B;A;D;D;B;B;B;B
comfort;A;B;A;B;C;Z;Z;B;C;B
conan;A;D;B;A;B;D;D;D;Z;C
concepta;A;C;B;B;C;Z;C;B;D;A
concetto;D;A;B;Z;B;B;D;D;Z;B
concha;A;B;Z;C;B;B;D;C;B;D
conchita;C;B;C;D;B;D;D;C;C;A
concordia;C;A;Z;B;B;Z;C;C;A;Z
confucius;B;B;B;B;D;D;B;D;A;B
connell;C;A;B;A;A;C;B;B;A;B
connor;B;D;B;D;D;A;Z;Z;B;C
conor;D;C;C;D;B;C;C;C;C;A
conrad;D;C;B;B;Z;C;Z;D;A;A
conrado;C;A;B;Z;A;Z;A;A;B;A
constance;D;A;C;Z;C;D;Z;C;A;C
constancia;C;C;Z;D;A;B;Z;D;Z;C
constant;B;C;Z;D;A;D;B;C;C;A
constantin;B;A;A;A;C;A;B;C;B;A
constantine;A;A;D;B;B;C;A;D;Z;C
consuelo;A;D;B;D;Z;D;D;D;D;C
consus;D;Z;A;B;C;B;C;Z;D;C
conway;B;A;D;D;D;C;D;D;C;D
cooper;D;C;B;Z;B;D;D;D;D;D
cora;D;B;B;A;B;C;D;B;A;D
coral;B;C;A;D;A;B;D;B;D;Z
coralie;C;D;A;C;C;C;B;C;A;C
corbin;B;D;A;D;D;D;C;C;B;C
cordelia;D;C;Z;C;Z;A;B;C;C;C
cordell;A;D;C;B;C;D;C;D;D;D
corentin;C;C;A;C;Z;C;D;C;B;C
corey;C;B;A;D;B;A;A;A;D;C
corinne;A;A;C;B;C;B;D;C;B;B
cornelia;Z;D;D;B;B;Z;Z;D;B;A
cornelis;B;C;A;A;B;B;B;B;Z;C
cornelius;A;A;A;A;A;D;D;A;D;D
cornell;C;B;C;C;C;D;Z;B;A;C
corona;B;D;Z;C;A;A;A;D;D;B
corrado;B;D;B;A;Z;D;B;Z;D;D
cort;A;C;A;B;B;B;D;Z;B;B
cosette;C;A;C;C;C;A;B;D;Z;B
cosima;Z;C;Z;B;D;C;A;D;A;B
cosimo;D;Z;C;Z;C;A;D;C;C;B
cosmo;A;B;D;Z;Z;D;A;D;D;A
coty;C;Z;A;D;D;B;A;B;B;C
craig;A;B;A;D;D;A;D;B;Z;C
crawford;D;C;D;D;C;C;D;D;D;Z
creighton;B;A;C;Z;B;C;B;C;D;D
cressida;D;D;D;D;C;D;B;C;C;D
crispin;A;C;D;C;Z;A;Z;D;D;A
cristal;C;C;B;D;A;C;B;D;C;A
cristi;B;B;B;D;A;D;C;B;D;A
cristiana;B;C;B;C;C;B;C;Z;D;D
cristiano;A;B;B;D;B;A;C;B;C;D
cristina;B;B;A;B;A;B;C;B;A;Z
cristobal;C;Z;A;D;C;B;C;A;D;C
cruz;A;A;A;Z;B;C;D;D;A;C
crystal;A;D;C;A;A;D;Z;D;B;D
csaba;A;B;A;B;C;C;Z;D;B;C
cullen;C;C;B;D;Z;D;A;B;B;A
curro;D;A;A;D;Z;A;C;A;A;B
curt;A;A;B;B;A;A;D;A;B;B
curtis;A;D;Z;C;A;B;A;D;B;Z
cuthbert;A;B;D;D;C;C;C;A;B;D
cy;D;C;C;D;C;D;B;C;A;B
cymbeline;A;B;D;D;A;B;D;Z;A;D
cynthia;B;C;D;B;C;C;Z;B;B;D
cyprian;Z;B;B;Z;B;D;D;A;D;D
cyrano;A;D;C;A;Z;C;D;D;Z;B
cyril;C;C;A;C;Z;B;B;C;D;D
cyrille;Z;C;B;C;B;A;C;A;D;C
cyrus;Z;B;D;B;D;D;C;B;C;A
da;C;Z;C;D;Z;A;C;A;Z;Z
dada;C;A;Z;D;C;A;A;D;C;C
dag;D;C;B;B;D;A;B;B;B;C
dahlia;A;A;D;C;B;C;D;A;C;D
dai;D;D;B;D;B;C;Z;A;Z;B
daisy;B;Z;D;A;A;D;C;D;C;B
dakota;D;A;Z;A;B;B;C;A;D;A
dale;D;B;C;B;A;D;B;A;B;C
dallas;A;C;D;C;A;C;C;D;A;B
dalton;D;C;D;C;D;Z;A;B;A;A
daly;Z;A;B;Z;C;B;D;Z;Z;D
damien;Z;A;A;C;Z;D;D;C;A;C
damodar;C;Z;Z;A;C;A;D;A;A;B
damon;C;B;C;D;A;A;D;A;B;D
danaë;B;C;B;D;B;D;D;D;D;D
dane;C;A;D;A;A;C;C;B;D;A
daniel;D;C;B;C;A;B;B;B;Z;C
danièle;Z;B;C;A;C;C;D;A;B;A
danielle;D;B;D;D;Z;A;D;A;A;D
danny;A;D;Z;A;C;D;A;C;C;C
dante;Z;B;D;B;A;D;C;A;C;C
darby;B;D;A;A;B;A;D;A;B;D
darcey;C;D;D;C;B;A;Z;D;D;B
darcy;C;C;D;Z;D;C;A;D;A;D
daria;B;A;A;C;C;Z;C;B;C;C
dario;A;D;B;B;A;D;C;D;C;D
darius;B;B;D;Z;Z;C;Z;C;C;C
darryl;A;B;C;C;C;D;C;C;B;A
darwin;C;C;A;A;A;D;C;B;A;A
david;D;C;C;D;D;D;D;B;A;B
davie;B;A;D;D;B;B;A;Z;B;A
davis;B;B;A;B;A;C;B;A;B;D
davy;A;A;C;B;C;B;D;C;C;C
dawn;C;B;Z;B;C;B;D;D;D;B
dawson;C;B;Z;C;D;Z;D;D;B;D
dax;B;A;D;B;C;D;D;B;A;B
dayton;C;Z;D;B;Z;Z;A;C;A;D
dean;Z;A;C;B;Z;A;B;A;C;C
deanna;B;C;C;A;D;Z;B;A;Z;B
deb;C;D;D;D;B;D;A;B;Z;C
debbie;C;B;B;B;D;B;A;B;B;B
debora;D;C;D;Z;C;D;A;Z;B;C
deborah;C;B;C;C;B;B;B;A;A;A
dee;Z;B;D;D;B;D;A;B;A;A
delaney;B;D;D;B;B;A;B;D;A;C
dell;D;D;D;Z;C;A;Z;A;A;B
della;D;B;D;B;B;A;B;D;C;B
delphine;A;C;B;A;C;D;C;D;B;D
delta;C;D;D;A;A;A;C;B;C;C
demetrios;D;Z;Z;D;Z;D;D;D;C;D
demi;A;C;C;C;D;D;B;B;C;Z
democritus;D;A;D;B;C;D;B;C;D;C
den;A;B;D;A;Z;C;Z;D;D;B
denis;A;A;D;D;A;D;B;B;B;A
denise;D;B;B;D;Z;B;C;B;B;B
dennis;C;A;C;B;C;D;D;B;C;D
denny;C;A;Z;A;A;B;A;A;A;C
denton;A;C;D;B;C;B;D;D;A;A
denver;A;C;D;C;A;D;B;A;A;C
denys;B;A;C;A;A;A;B;B;D;B
deo;A;A;D;B;A;A;A;D;B;A
deon;A;B;A;D;B;C;B;Z;C;D
derby;Z;D;A;C;B;B;D;B;A;D
derrick;A;D;D;A;C;B;C;B;D;D
derry;C;D;A;A;A;D;A;Z;Z;C
derval;B;D;C;A;D;B;C;A;C;D
desdemona;B;B;B;A;B;B;C;C;D;A
desiderio;C;C;B;A;D;D;C;Z;B;Z
désiré;D;A;A;B;C;A;D;B;C;A
désirée;C;Z;B;Z;B;B;D;D;B;C
desmond;D;C;C;D;A;D;C;C;A;B
despina;Z;C;A;Z;B;C;B;B;D;Z
devereux;C;B;C;D;C;A;D;A;D;A
devi;Z;D;B;D;D;A;A;Z;Z;B
devin;A;A;C;C;B;C;C;A;D;Z
devon;C;B;B;A;B;D;D;B;D;C
dewey;Z;D;A;B;D;C;B;A;Z;B
dexter;Z;Z;B;D;B;A;A;D;B;D
diamond;C;D;A;A;B;B;B;C;A;B
diana;C;C;D;B;Z;A;A;A;B;D
diane;A;D;D;C;C;C;A;D;C;A
dick;B;C;D;B;A;D;B;B;B;A
didi;A;D;B;B;Z;A;Z;Z;Z;C
didier;B;Z;C;C;D;D;D;D;A;B
dido;Z;C;B;C;A;B;B;A;B;D
diego;B;C;Z;C;D;C;A;C;B;A
diethelm;C;C;A;B;D;A;A;B;D;C
dietrich;Z;B;D;B;A;B;D;A;B;A
dieudonné;Z;B;C;Z;D;C;A;Z;D;A
digby;A;A;C;B;B;B;Z;Z;D;B
dillon;C;A;A;Z;B;A;B;A;Z;B
dimitri;A;D;D;D;A;C;A;B;C;A
dina;B;D;B;Z;C;Z;Z;Z;C;D
dinah;B;A;D;Z;A;B;A;A;Z;A
dinh;B;A;B;D;A;B;C;B;A;A
dino;C;C;D;B;D;B;B;B;C;Z
diodore;C;A;C;Z;C;C;A;D;A;B
dion;B;D;C;C;B;A;D;C;B;C
dione;D;Z;B;D;C;D;Z;C;A;B
dionne;A;C;A;D;C;D;A;B;Z;D
dionysos;B;A;Z;C;C;A;B;B;D;D
divina;D;A;A;D;D;A;C;C;C;C
djamila;D;D;Z;D;B;D;A;A;Z;B
dmitri;B;B;C;D;A;A;D;C;C;D
dolly;D;B;C;A;A;B;A;Z;A;B
dolores;A;A;B;C;A;Z;C;Z;Z;B
dom;C;A;B;C;Z;C;A;B;C;B
domenica;B;B;A;B;C;A;Z;A;Z;Z
domenico;D;D;C;B;D;Z;D;A;A;B
domingo;A;A;D;D;B;B;C;C;Z;A
domingos;A;A;Z;A;B;B;C;Z;C;B
dominic;A;A;B;B;B;Z;B;C;B;Z
dominica;A;C;B;D;B;A;A;A;Z;A
dominique;D;A;C;A;B;B;B;Z;C;C
don;C;D;B;B;C;B;B;C;Z;D
dona;D;B;D;D;A;D;D;B;B;A
donald;D;C;Z;C;A;C;C;D;Z;C
donat;Z;B;A;C;C;A;D;B;C;B
donatello;C;C;B;B;C;C;B;C;B;A
donatien;B;A;Z;B;A;D;B;D;Z;D
donatienne;A;A;B;Z;B;C;D;D;D;Z
donato;Z;D;B;A;D;D;B;B;Z;A
dong;C;B;B;C;B;C;D;Z;C;Z
donna;A;B;D;A;C;C;A;Z;C;C
donovan;B;C;A;B;D;D;C;C;Z;Z
dora;A;C;D;C;B;B;B;C;D;A
dorian;A;A;D;A;A;C;C;A;D;D
doriane;A;C;C;A;A;A;A;C;C;D
doris;Z;B;B;A;B;A;C;B;D;D
dorothée;C;A;A;Z;Z;A;C;A;A;A
dorothy;C;D;A;D;A;B;C;D;A;D
dory;C;D;D;D;B;B;B;D;D;B
dot;C;D;A;C;A;D;A;C;A;A
dotty;D;C;C;A;A;A;B;D;D;B
doug;C;A;Z;D;A;B;D;C;A;A
dougal;D;A;C;D;C;D;D;B;D;D
douglas;A;D;B;B;B;D;A;A;A;D
doyle;B;D;D;B;D;Z;A;Z;A;A
drake;Z;B;A;B;C;B;Z;B;C;D
drummond;C;D;B;A;B;D;D;A;A;B
dua;C;C;C;D;C;Z;D;D;C;B
duane;Z;B;C;D;D;C;A;Z;D;Z
duc;C;A;A;D;A;D;D;D;B;A
dudley;A;Z;A;A;C;Z;B;A;Z;C
duff;B;C;A;C;C;B;A;C;A;B
dugald;B;C;A;C;A;C;B;C;A;C
duke;A;Z;C;A;B;D;B;B;D;A
duncan;B;A;B;C;A;C;D;D;C;C
durand;B;C;C;Z;B;B;A;B;D;B
durward;A;D;A;Z;C;A;C;C;C;D
dustin;B;D;B;D;D;C;A;C;B;C
dwight;C;A;B;A;A;C;B;A;B;C
dylan;C;A;D;Z;C;B;B;A;C;D
earl;C;B;B;C;A;Z;Z;D;B;Z
earnest;C;C;A;B;A;B;C;Z;B;D
ebert;C;B;A;A;Z;B;D;C;D;C
ece;B;D;B;D;B;D;B;C;C;B
echo;D;B;D;Z;C;C;A;Z;D;D
eckhard;A;C;A;C;C;C;B;A;A;C
ed;A;D;C;A;Z;Z;A;Z;A;A
edda;C;B;D;B;A;A;C;D;C;D
eddie;D;D;D;D;A;D;D;D;A;B
eddy;C;B;C;D;D;C;A;B;A;A
eden;Z;Z;C;Z;C;Z;B;A;C;C
edgar;B;D;Z;A;B;D;D;D;B;C
edgard;D;Z;C;B;D;A;C;D;C;D
edison;D;C;D;C;A;D;B;C;A;B
édith;D;A;C;B;A;A;B;B;A;C
edith;C;C;D;A;A;D;B;C;B;C
edmond;D;A;A;D;C;Z;Z;C;B;D
edmund;B;B;Z;Z;A;B;Z;C;D;C
edmundo;B;Z;C;D;A;D;D;C;C;B
édouard;A;A;Z;A;Z;A;Z;D;A;A
eduard;D;C;B;B;A;D;B;Z;D;D
eduardo;D;Z;D;Z;A;C;C;B;B;D
edvard;C;C;B;Z;D;Z;Z;A;Z;D
edward;B;A;C;D;B;A;D;D;Z;B
edwige;Z;C;B;C;Z;B;D;B;C;C
edwin;A;A;D;A;A;A;A;A;C;C
effie;A;A;B;A;D;C;D;B;C;C
egidio;A;B;B;C;D;B;B;Z;C;A
egon;D;D;Z;Z;D;Z;A;D;B;Z
eileen;A;D;D;D;C;B;A;B;B;A
elder;B;D;D;B;Z;A;D;C;C;A
eleanor;D;D;A;D;B;D;B;C;B;C
electra;A;A;D;B;C;C;Z;A;D;B
elena;C;C;D;D;Z;D;C;C;D;B
eleonor;D;B;Z;D;C;B;B;C;C;A
eleonora;A;D;A;D;A;B;C;B;A;C
eléonore;B;D;B;B;A;B;B;D;A;C
eliana;C;D;D;D;C;B;A;C;A;D
éliane;B;D;A;B;C;C;C;B;C;C
elias;D;Z;B;D;D;Z;D;C;A;C
elihu;B;B;B;A;D;Z;B;D;B;D
eliot;A;B;A;Z;C;B;B;B;D;B
elisa;B;B;D;C;A;Z;C;A;D;Z
elisabeth;D;Z;D;A;B;C;D;B;A;Z
elisabetta;A;C;C;D;D;C;A;D;Z;B
élise;D;C;C;A;C;D;A;C;Z;D
elise;C;C;Z;C;D;A;A;B;B;B
elisha;Z;Z;B;C;B;B;D;C;Z;D
elizabeth;A;B;D;C;B;Z;C;D;B;B
ella;B;C;D;B;D;D;B;A;B;D
elle;B;C;Z;A;B;Z;B;C;B;D
ellen;A;B;B;D;C;A;B;C;B;B
ellery;C;D;D;D;B;C;A;B;C;A
elliot;D;A;D;D;C;C;D;A;B;B
elliott;B;A;C;B;B;A;Z;B;B;C
elmer;A;Z;C;Z;C;B;B;B;C;Z
elmira;Z;Z;D;A;Z;D;Z;A;B;C
élodie;B;B;D;D;D;A;D;D;A;D
elsa;D;A;B;A;C;B;A;A;B;B
else;A;Z;C;A;A;A;A;B;D;A
elsie;B;C;D;B;Z;B;D;B;D;D
elton;D;D;B;D;B;C;A;D;D;Z
elvis;A;B;D;A;C;C;B;Z;B;C
elwin;C;B;C;Z;A;A;D;A;D;C
ely;A;C;A;Z;D;D;B;C;C;B
elysia;A;B;C;D;A;A;Z;A;D;B
elzbieta;A;B;A;D;D;B;B;B;D;B
em;B;B;Z;D;Z;A;B;C;C;Z
emanuel;Z;D;D;D;B;D;C;Z;A;B
emerson;A;D;D;C;A;C;A;C;C;C
emery;B;B;Z;D;A;D;Z;C;C;Z
emi;C;D;D;C;C;D;A;A;B;Z
emil;A;A;A;D;C;A;D;C;B;B
émile;B;D;B;Z;B;Z;D;B;C;C
emiliano;C;A;D;C;D;C;Z;B;D;C
émilie;D;C;D;D;A;A;A;C;A;A
emilie;C;D;C;B;Z;C;B;D;D;A
émilien;C;C;A;C;A;A;B;C;Z;D
emilio;Z;C;C;C;C;A;A;A;A;A
emily;A;B;C;Z;D;A;D;D;C;Z
emma;C;B;B;C;B;D;Z;A;A;D
emmanuel;C;D;A;C;B;D;D;D;A;A
emmanuelle;A;Z;C;B;A;B;D;Z;D;D
emmerich;C;A;Z;A;D;C;B;A;C;C
emmett;A;A;A;C;C;D;A;C;A;A
emmy;Z;D;Z;C;B;C;A;Z;A;C
ena;C;D;B;B;A;B;C;C;A;A
encarnacion;Z;B;B;C;Z;Z;Z;A;B;D
engel;B;D;A;D;C;D;A;C;D;D
engelbert;D;A;C;D;C;C;Z;B;B;D
engin;B;B;C;D;A;C;D;D;Z;B
ennis;D;Z;A;Z;D;A;A;A;B;C
enoch;B;D;A;B;Z;B;D;C;D;B
enrico;A;B;D;D;Z;B;A;D;C;D
enrique;D;D;B;Z;D;C;B;B;B;B
enzo;D;B;D;Z;C;C;D;C;Z;C
era;B;Z;C;D;Z;C;A;Z;Z;D
erasmus;B;D;C;B;C;Z;C;B;B;Z
erato;Z;D;A;Z;C;B;Z;C;Z;A
ercole;B;D;D;C;A;C;D;A;B;D
erebus;A;D;C;Z;A;B;C;C;C;B
eric;B;B;A;B;C;C;D;B;D;B
erich;B;D;C;B;B;D;C;B;D;C
erik;D;D;D;B;A;D;A;D;D;A
erika;A;A;A;B;D;D;D;D;B;Z
erin;B;Z;D;C;B;B;Z;Z;B;C
eris;D;B;D;Z;D;C;Z;Z;D;A
erland;C;D;D;A;Z;D;D;B;C;Z
erlend;B;D;D;B;C;A;B;B;A;D
erna;A;C;D;D;B;Z;A;Z;D;B
ernest;Z;A;C;A;D;D;D;C;A;Z
ernestine;A;C;B;A;C;D;A;C;A;A
ernst;D;C;A;D;C;A;B;A;A;Z
eros;D;D;A;Z;A;Z;B;C;C;B
errol;C;D;A;C;A;B;D;C;B;D
erskine;Z;D;D;A;C;A;Z;Z;D;Z
ervin;A;B;A;A;C;D;A;D;C;Z
erwin;D;A;A;B;A;C;C;D;C;D
esa;Z;D;B;B;C;B;Z;C;D;A
esau;A;Z;D;B;D;D;B;Z;D;A
esdras;C;C;B;B;B;D;B;D;B;D
esmée;A;A;D;D;A;C;C;B;C;B
esmeralda;C;A;B;A;B;B;A;C;D;D
esmond;B;Z;B;D;C;D;B;C;Z;C
essence;C;D;Z;Z;B;D;Z;D;D;A
esta;A;Z;A;D;D;D;A;B;A;C
estelle;D;D;D;D;B;C;D;A;B;D
ester;B;C;A;A;B;C;B;D;B;Z
estève;C;A;B;C;D;A;C;A;D;B
esther;A;A;D;A;D;A;Z;C;A;D
estrella;Z;Z;B;C;Z;A;B;Z;C;C
ethel;D;D;C;A;B;C;B;D;C;C
étienne;C;D;A;D;C;A;A;A;A;B
etna;C;C;D;C;C;D;A;C;A;B
ettore;A;C;D;A;D;B;A;C;A;D
etzel;C;A;C;Z;B;D;Z;B;A;C
eufemia;C;Z;A;B;A;A;B;B;C;C
eugen;D;A;A;Z;A;C;B;D;B;Z
eugène;C;C;A;C;C;A;C;C;B;D
eugenia;A;B;B;C;C;C;C;Z;Z;D
eugénie;C;A;C;C;A;A;A;Z;D;Z
eugenio;A;C;A;A;B;C;A;C;C;D
eulalie;D;C;B;Z;A;B;B;D;C;A
eurydice;D;B;C;B;B;A;C;D;C;C
eusebio;Z;Z;D;A;B;C;C;C;D;D
eustache;A;A;A;D;A;B;C;A;A;B
euterpe;A;A;C;C;C;D;B;A;D;C
éva;B;A;C;C;D;D;B;B;C;D
eva;A;B;D;A;C;A;C;D;Z;D
evangeline;C;Z;C;A;A;B;A;A;Z;A
évariste;A;B;D;D;D;D;Z;C;Z;C
eve;B;C;Z;D;B;B;D;Z;Z;B
evelyn;A;D;B;B;C;B;Z;D;C;Z
evita;Z;A;A;A;A;A;A;C;D;C
evrard;B;A;Z;B;B;D;A;B;D;D
ewa;B;A;C;Z;B;D;B;D;D;D
ewald;D;C;A;B;B;B;B;A;A;Z
ewan;A;C;B;B;C;A;C;Z;B;D
ewart;B;C;A;A;B;C;Z;C;A;B
ezekiel;A;A;Z;B;A;C;D;A;Z;D
ezra;D;C;D;A;B;A;B;B;C;Z
fabia;Z;D;D;A;C;B;B;D;Z;A
fabian;C;D;Z;C;D;B;C;Z;B;C
fabiana;Z;D;B;Z;B;C;C;C;A;C
fabiano;D;D;B;A;C;B;B;D;A;D
fabien;C;C;B;A;B;B;B;B;A;D
fabienne;C;A;D;B;D;D;B;B;B;D
fabio;D;A;A;C;A;B;C;A;B;A
fabiola;A;Z;D;C;C;D;A;C;Z;C
fabius;D;D;B;A;Z;A;A;Z;C;D
fabrice;B;A;A;D;C;A;B;B;A;A
fabrizio;B;D;D;D;A;D;B;A;A;A
fadil;D;A;Z;B;Z;C;A;B;C;B
faith;A;D;C;A;A;C;C;C;A;A
fancy;A;B;Z;D;A;D;D;B;C;B
fane;Z;B;Z;B;C;B;A;C;C;C
fanny;C;B;B;D;A;D;D;B;C;C
farah;Z;Z;D;A;A;A;Z;D;D;B
farid;A;D;D;B;B;B;D;A;Z;D
farida;D;A;B;C;C;Z;A;Z;D;Z
faris;A;D;C;B;D;Z;C;D;B;D
faron;C;D;C;C;Z;C;C;C;B;A
farouk;C;A;B;A;C;A;A;A;D;B
farrell;C;A;A;A;C;B;A;C;Z;B
fatima;B;B;Z;D;A;B;C;D;A;A
fatma;Z;D;A;A;Z;B;A;A;B;B
fauna;C;C;A;B;D;B;D;B;D;C
fausta;A;A;A;D;D;B;A;C;Z;B
faustina;D;B;C;Z;B;C;A;C;B;A
faustine;Z;Z;A;C;A;D;B;D;D;A
fausto;C;C;D;A;B;D;D;B;D;C
faustus;C;B;B;D;A;A;C;Z;D;C
fay;C;B;A;B;C;C;Z;B;B;D
faye;B;D;C;C;D;A;D;C;D;D
federico;B;C;B;C;A;A;C;C;C;A
felice;D;A;A;A;D;B;B;A;Z;D
félicie;Z;A;C;C;A;B;A;Z;A;Z
felipe;Z;C;B;Z;D;D;A;Z;C;B
félix;C;A;D;B;Z;C;C;B;A;D
felix;Z;C;D;A;A;C;D;B;C;B
fenella;D;D;B;B;A;C;D;A;Z;A
ferdinand;Z;C;B;A;Z;D;Z;A;B;A
ferdinando;A;C;C;D;Z;A;Z;B;B;C
fermin;Z;Z;A;D;D;D;B;Z;C;D
fernand;A;B;D;D;C;A;D;C;B;Z
fernande;B;C;A;D;A;A;A;A;A;D
fernando;A;A;D;B;B;A;A;Z;C;C
ferne;A;D;B;A;C;D;C;B;Z;Z
ferrer;A;Z;D;D;A;D;Z;D;A;B
fiacre;C;D;Z;Z;B;B;A;B;B;A
fiammetta;Z;Z;C;B;A;C;D;A;A;B
fidel;D;D;D;A;C;B;D;C;D;A
fidelis;A;A;A;D;A;B;A;A;B;C
fido;A;D;A;D;A;A;D;D;A;D
fifi;C;D;B;C;D;A;A;A;B;A
filibert;A;D;C;C;Z;Z;D;Z;A;Z
filippo;D;B;C;A;A;B;D;C;C;D
fina;D;A;C;B;B;D;D;B;C;C
fingal;B;A;C;D;B;Z;B;C;B;B
finley;B;B;A;B;B;C;A;B;C;D
finn;B;Z;C;A;C;D;C;C;A;D
fion;A;A;A;A;B;D;B;D;B;D
fiorella;Z;C;A;D;Z;C;A;D;C;C
firenze;C;C;B;A;D;Z;Z;C;B;B
firmin;A;C;A;D;D;D;C;C;B;C
fitz;D;C;Z;C;A;B;D;D;Z;C
flavie;D;C;C;Z;B;A;A;B;Z;C
flavio;D;B;D;Z;D;D;D;B;D;B
flavius;A;C;C;B;D;C;D;B;Z;C
flemming;B;Z;C;Z;C;B;Z;A;D;B
fletcher;D;C;B;B;B;C;A;Z;A;B
fleur;D;C;D;Z;D;D;C;A;A;A
flick;A;C;A;B;A;D;C;B;D;A
flip;Z;B;D;D;A;C;Z;D;D;B
flora;C;D;D;Z;B;B;D;A;B;B
florence;C;Z;A;B;Z;Z;B;C;A;A
florentin;B;C;A;A;B;D;C;B;B;B
florian;D;C;B;A;A;C;D;D;Z;C
florin;C;Z;A;C;B;A;A;D;C;Z
florinda;D;D;A;A;D;Z;A;A;D;Z
florine;D;B;B;C;B;A;A;B;C;A
floris;C;A;D;D;A;C;Z;D;C;B
flossie;Z;A;D;B;D;A;A;C;D;A
flower;B;Z;Z;D;B;D;B;A;A;B
floyd;A;B;C;C;A;B;A;B;C;A
foka;B;B;C;B;D;B;B;C;D;C
folke;B;B;A;A;Z;B;A;A;D;B
forbes;A;Z;Z;A;D;C;C;C;A;B
ford;A;A;B;B;C;A;D;Z;C;B
forest;C;C;D;D;C;B;B;A;B;D
forrest;A;D;A;D;B;B;C;Z;Z;C
fortunato;B;D;Z;B;D;B;A;B;A;D
fortune;B;C;B;D;D;C;A;C;B;B
foster;A;B;B;A;D;B;A;A;A;B
fox;B;B;C;D;B;B;Z;D;A;B
fran;A;D;B;C;C;Z;A;B;C;C
franc;C;C;A;C;D;A;A;B;B;D
franca;C;D;A;D;Z;B;A;B;Z;A
france;C;A;B;Z;A;C;A;D;C;A
frances;B;C;D;Z;B;D;C;D;C;C
francesca;D;C;A;Z;C;B;B;C;D;B
francesco;Z;A;B;B;B;D;D;A;C;B
francine;Z;Z;A;C;Z;C;Z;D;D;B
francis;C;B;C;C;B;D;D;D;A;A
francisco;C;C;C;C;B;B;A;A;A;A
franciscus;B;A;D;A;C;A;C;D;A;D
franck;C;B;C;B;B;Z;B;D;A;A
franco;Z;D;B;C;A;B;A;A;Z;A
françois;A;A;C;Z;B;B;D;B;C;A
françoise;A;B;C;B;Z;A;D;B;C;D
frank;B;C;Z;Z;B;C;A;A;C;A
frankie;B;B;B;Z;C;B;D;Z;D;Z
franklin;B;D;B;A;C;D;D;D;D;B
frans;A;Z;B;A;Z;D;B;B;B;C
franz;A;C;Z;A;D;D;A;D;A;B
fraser;B;B;A;C;Z;B;A;B;B;B
fred;C;B;C;B;B;B;D;B;D;A
freddie;A;B;B;Z;Z;D;A;Z;Z;C
freddy;B;C;C;C;C;A;B;B;D;B
frédéric;D;D;Z;C;A;A;B;D;A;A
frederick;C;A;B;A;Z;D;C;Z;A;D
frederico;Z;C;A;D;C;D;C;C;Z;Z
frederik;D;B;B;C;A;B;C;Z;A;B
frédérique;D;C;A;A;A;A;A;D;A;D
fredo;A;B;A;B;C;D;D;B;B;B
freeman;A;B;C;A;C;Z;B;B;B;B
frey;D;D;A;B;B;D;D;B;Z;D
frida;C;D;C;A;B;C;D;B;D;Z
frieda;D;C;D;B;A;A;Z;B;A;B
friedrich;B;A;D;B;D;C;A;Z;D;B
fritz;A;B;Z;C;D;C;A;D;B;D
fritzi;A;A;B;C;D;B;D;B;B;D
fu;B;D;Z;B;Z;A;A;B;C;D
fulton;C;Z;D;B;C;Z;A;A;B;D
fulvio;A;B;D;C;D;A;A;D;B;B
gabe;B;B;B;D;C;C;C;D;B;B
gabriel;A;A;A;A;C;A;A;D;A;B
gabriella;A;A;A;Z;B;D;A;A;A;C
gabrielle;D;A;B;D;Z;A;Z;A;C;A
gaétan;A;D;D;D;C;C;C;B;B;D
gaetano;D;B;C;D;A;Z;B;B;A;C
gage;Z;D;C;D;D;D;B;D;D;C
gail;C;B;A;B;C;B;B;B;C;C
gaius;D;C;A;A;C;A;A;D;D;Z
gal;C;Z;A;C;A;B;A;B;D;A
gala;B;A;A;B;C;A;A;A;B;Z
galahad;A;C;A;C;Z;D;C;D;A;C
gale;A;A;A;A;A;B;C;C;A;D
galen;B;D;D;B;A;C;Z;D;D;Z
gall;B;D;D;C;B;A;C;D;C;B
gallus;C;D;D;D;C;C;D;A;A;Z
gamal;A;A;Z;C;Z;C;B;A;Z;A
gamaliel;D;B;B;B;D;A;C;C;B;A
ganesha;A;A;Z;A;B;Z;D;A;C;B
garret;B;D;A;C;A;B;A;D;C;C
garrett;D;D;B;D;D;C;D;Z;D;C
garrick;Z;A;C;A;A;A;A;B;C;C
gary;Z;D;C;C;C;D;D;A;A;A
gaspar;D;B;B;C;D;Z;C;B;C;C
gaspard;C;B;D;Z;A;C;B;C;D;B
gaston;B;A;C;D;B;C;B;A;D;Z
gautama;Z;D;D;Z;C;D;A;Z;B;D
gautier;D;B;D;C;Z;D;Z;B;B;A
gavin;B;D;C;A;B;C;B;D;Z;A
gay;A;D;A;Z;C;B;D;A;B;C
gaylord;B;D;A;B;C;A;B;A;B;D
gaynor;B;B;B;D;Z;A;A;D;Z;B
gemma;A;D;Z;D;D;A;D;A;C;D
gene;B;D;D;C;B;C;D;C;C;C
genesis;C;B;B;D;A;A;C;D;D;A
geneviève;D;B;D;Z;Z;B;A;D;C;C
gennaro;Z;C;A;B;A;A;A;Z;D;A
genoveva;D;C;B;D;C;Z;Z;Z;Z;B
geoffrey;D;A;D;D;Z;B;B;Z;B;C
geoffroi;D;Z;C;D;C;A;A;B;D;A
georg;C;D;C;C;C;B;B;D;B;Z
george;C;B;D;A;C;C;B;B;C;B
georges;D;C;D;A;D;A;B;B;D;A
georgette;A;B;D;Z;A;D;D;D;A;A
georgia;A;A;B;Z;D;B;C;B;A;B
georgie;A;C;C;D;C;C;C;D;A;A
georgina;A;C;A;B;A;B;D;Z;B;B
gérald;A;D;D;B;B;A;Z;C;C;B
gerald;A;D;C;A;D;D;D;C;B;A
gérard;A;B;B;B;Z;A;A;Z;A;Z
gerard;D;Z;D;B;B;A;A;B;D;C
géraud;B;C;Z;D;D;A;Z;B;C;D
gerda;D;D;D;A;A;C;B;D;B;A
gerhard;D;D;B;A;A;D;D;D;Z;D
gerhardt;B;A;B;A;B;Z;C;Z;Z;A
gerlach;B;D;B;C;B;B;D;B;A;A
germain;C;Z;D;B;C;D;C;B;Z;A
germaine;D;A;D;A;A;D;B;C;D;A
german;D;A;D;D;C;D;D;D;Z;A
germano;B;C;C;D;A;B;A;D;D;B
geronimo;B;D;A;B;B;C;Z;C;B;D
gerrit;B;C;D;B;C;C;D;C;C;B
gerry;A;C;B;B;A;B;D;D;Z;D
gertrud;A;C;B;C;A;A;D;A;Z;D
gertrude;D;A;A;B;B;D;C;Z;D;Z
gervais;C;C;A;C;C;C;D;C;Z;B
ghislain;Z;B;C;Z;C;Z;C;C;Z;A
ghislaine;Z;A;A;C;B;D;Z;C;B;B
giacomo;B;D;B;C;D;A;B;D;Z;D
giancarlo;C;B;D;B;A;C;Z;B;D;B
gianni;C;C;Z;B;D;D;D;B;C;B
giannino;D;C;Z;C;D;Z;Z;D;C;C
giffard;A;D;C;B;A;D;B;A;A;B
gigi;C;Z;Z;D;A;B;D;B;D;D
gilbert;B;B;A;D;B;A;Z;D;B;C
gilberte;C;C;A;D;D;B;A;D;B;B
gilberto;C;Z;D;B;Z;A;Z;A;B;B
gilchrist;B;Z;C;D;B;Z;D;C;A;A
gilda;Z;A;A;D;C;D;B;A;B;D
giles;Z;A;A;A;C;C;D;B;A;A
gill;B;D;B;C;D;C;B;Z;B;Z
gilles;C;C;C;A;A;A;A;B;B;A
ginette;A;D;B;D;D;A;C;B;B;Z
ginevra;Z;B;A;B;D;B;B;A;A;C
ginger;C;D;A;B;Z;B;Z;Z;B;D
gino;A;C;Z;B;A;C;B;D;D;Z
gioacchino;B;C;B;A;C;C;D;C;Z;C
gioconda;B;B;A;D;D;A;B;B;A;C
giordano;C;D;B;A;C;A;Z;C;A;B
giorgio;B;Z;D;B;Z;Z;D;B;D;Z
giovanna;C;A;A;B;Z;D;C;D;B;B
giovanni;C;B;D;Z;A;Z;B;D;C;B
girolamo;B;B;A;B;B;B;Z;C;C;D
gisèle;C;A;D;C;D;B;B;B;Z;B
giselle;C;A;C;B;D;C;C;D;A;D
gita;A;A;C;C;B;C;B;B;D;B
giulia;B;D;C;A;C;C;B;Z;A;C
giuliano;D;C;A;D;A;Z;Z;A;B;B
giulietta;D;A;A;C;C;B;C;Z;Z;C
giulio;A;C;D;A;Z;B;D;B;A;D
giuseppe;A;D;A;A;C;D;D;A;Z;C
giuseppina;B;C;D;B;D;D;C;B;C;C
gladys;B;B;A;A;A;D;B;B;B;A
gleb;B;B;B;B;D;A;D;D;D;C
glen;A;C;D;A;C;B;Z;B;D;C
glenn;D;A;A;D;B;B;C;B;D;Z
gloria;B;A;C;C;D;C;B;A;D;A
glory;C;C;A;A;A;C;A;D;C;C
goddard;B;A;C;C;C;A;B;A;C;Z
godfrey;C;A;D;C;B;D;A;D;A;C
godiva;A;Z;B;C;D;Z;D;C;C;A
godwin;A;D;C;B;D;A;A;Z;B;D
goffredo;A;A;D;C;Z;Z;B;Z;B;D
golda;A;D;B;B;B;C;D;B;D;A
goldie;B;C;A;B;B;A;A;A;Z;B
goliath;B;B;C;C;Z;C;C;D;Z;A
gonzalo;D;B;B;A;C;D;C;D;C;A
goodwin;Z;D;A;Z;C;B;A;C;B;B
goran;B;C;Z;Z;B;Z;B;D;Z;C
gordon;Z;Z;B;C;C;C;B;B;D;D
gore;A;A;D;Z;A;C;A;B;A;B
goretti;B;Z;C;Z;C;C;C;A;A;C
goro;Z;D;D;D;D;D;A;Z;D;A
gosse;Z;B;A;D;A;A;Z;A;D;B
gottfried;D;D;C;C;C;C;D;D;D;A
gottlieb;B;A;B;A;B;A;D;B;A;C
gottschalk;B;C;A;D;A;Z;D;A;C;B
graça;D;C;A;B;A;D;D;C;C;D
grace;C;Z;D;A;C;C;D;B;D;B
gracia;C;B;B;Z;D;B;D;C;A;C
gracie;C;B;C;C;D;A;D;D;Z;D
graham;D;D;A;C;B;D;D;C;Z;A
grant;A;B;B;A;D;A;A;D;A;A
granville;Z;C;B;Z;D;D;D;A;C;Z
gratia;B;A;B;D;B;A;B;A;B;B
gratien;A;D;B;C;Z;A;B;B;A;A
grazia;Z;C;A;C;B;C;C;B;B;Z
graziella;A;Z;A;D;Z;D;B;D;C;A
greer;B;B;C;C;D;C;D;A;C;C
grégoire;B;D;D;A;B;A;C;A;A;A
gregor;B;Z;B;Z;B;D;A;C;D;A
gregorio;Z;C;A;D;D;C;B;B;B;A
gregory;A;A;B;B;C;C;D;C;D;C
grenville;D;B;C;C;C;A;B;B;A;B
gresham;A;Z;Z;D;B;A;Z;A;B;B
greta;C;C;C;D;C;D;D;D;B;D
gretchen;D;A;C;D;D;D;D;Z;D;C
gretel;A;Z;D;D;A;C;D;C;A;C
griffin;Z;B;A;A;B;C;B;B;A;A
griffith;B;Z;C;B;D;C;D;B;C;A
grigori;B;D;B;D;A;C;C;Z;C;B
griselda;B;D;D;D;A;B;Z;Z;A;A
guadalupe;A;Z;D;D;D;Z;B;C;C;B
guglielmo;A;C;Z;D;C;C;A;C;A;B
guido;D;D;B;D;A;C;B;B;C;Z
guillaume;D;C;C;Z;B;B;D;D;B;D
guillermo;D;D;B;C;A;D;Z;C;D;B
guiscard;D;A;C;A;C;A;D;B;B;B
gull;D;C;A;C;A;Z;C;B;B;D
gundula;A;C;B;C;B;A;D;C;Z;Z
gunnar;C;D;B;D;B;Z;C;C;B;D
günther;B;Z;B;A;D;D;A;D;B;D
gunther;B;B;B;A;B;B;Z;B;A;B
guntram;A;C;B;C;C;D;C;B;B;D
gustaf;A;D;A;D;C;Z;A;B;A;B
gustav;Z;D;C;Z;Z;A;A;A;D;A
gustave;D;B;C;D;C;B;A;D;Z;C
gustavo;D;D;B;B;Z;B;A;B;C;C
guy;A;B;A;Z;A;B;A;C;B;A
gwendoline;C;Z;B;B;A;A;Z;Z;B;B
gwynn;Z;D;Z;D;Z;B;A;C;C;A
haakon;Z;C;Z;A;D;D;A;D;Z;A
habacuc;D;C;B;D;D;A;D;B;B;D
habib;A;C;C;B;A;B;A;C;A;B
hadi;D;C;A;B;B;B;B;A;Z;A
hadley;A;D;C;C;B;A;C;B;A;Z
hadrianus;A;D;B;B;C;D;C;B;B;D
hagen;D;A;A;C;A;B;B;Z;C;C
hai;C;Z;B;C;Z;C;A;D;A;D
hakim;B;C;C;Z;D;D;C;B;D;Z
hal;C;A;A;A;Z;A;C;C;B;C
hala;B;Z;D;C;A;A;C;A;A;C
hale;A;C;A;C;D;B;D;B;B;C
hall;Z;A;B;A;B;A;A;D;B;Z
ham;C;D;C;B;B;A;B;C;A;C
hamid;D;B;D;D;C;B;D;B;C;A
hamilcar;B;D;B;B;Z;A;B;B;D;Z
hamilton;A;Z;D;D;C;B;Z;B;B;C
hamlet;Z;B;Z;A;C;B;A;B;C;D
hammond;A;B;Z;B;A;A;B;C;A;Z
hamon;B;D;B;C;C;D;C;B;A;A
hank;B;Z;A;D;Z;D;D;C;C;C
hanna;C;A;C;A;D;Z;B;D;B;B
hannah;A;A;B;A;C;Z;A;D;D;C
hannibal;B;A;B;D;B;B;C;A;C;A
hans;C;C;A;C;D;B;C;A;C;C
happy;Z;C;C;C;B;D;B;D;D;Z
harald;A;A;D;D;A;Z;D;B;Z;Z
harding;B;A;C;B;Z;A;Z;A;D;B
hardy;B;A;A;C;D;C;Z;A;B;Z
hari;D;Z;C;C;B;Z;C;B;B;C
harish;C;B;A;B;Z;C;D;C;C;D
harlan;A;Z;B;A;Z;A;C;C;A;Z
harley;C;Z;C;B;C;A;D;A;C;D
harmonie;B;A;D;A;D;D;A;B;C;C
harmony;D;C;A;D;D;A;A;B;B;D
harold;A;A;B;B;A;A;Z;Z;B;A
haroun;D;B;Z;B;B;Z;Z;C;C;C
harper;A;A;D;C;Z;C;B;A;A;A
harris;D;D;B;B;B;A;D;B;D;C
harrison;D;A;Z;A;Z;C;A;A;B;D
harry;A;D;B;D;Z;D;A;D;C;C
hartley;B;D;D;Z;D;B;B;C;C;C
hartmann;A;C;B;D;C;Z;A;C;D;B
harvey;C;B;C;B;B;B;B;A;C;Z
hassan;B;B;Z;B;A;B;A;A;A;C
hathor;D;C;D;A;B;A;C;D;A;B
haven;D;D;C;D;C;Z;B;Z;A;B
hayden;B;D;C;D;C;B;C;B;Z;C
haydn;Z;B;C;Z;C;Z;D;A;B;D
hazan;Z;B;A;A;C;D;B;B;A;B
heath;C;A;D;Z;C;Z;B;B;D;D
heck;B;A;A;A;B;A;A;A;C;C
hector;C;A;A;A;D;D;D;A;B;D
hedda;C;B;Z;A;D;Z;Z;C;D;D
hedley;C;D;B;C;D;C;Z;C;B;C
hedwig;C;C;Z;B;C;D;B;D;D;A
heinrich;C;B;Z;Z;A;Z;D;A;Z;C
heinz;A;Z;B;B;D;C;D;A;C;B
helder;D;A;Z;C;D;B;A;B;B;B
helen;C;Z;A;B;B;D;B;D;D;B
helena;A;B;C;D;A;Z;A;Z;C;B
hélène;B;B;D;Z;D;A;Z;A;B;C
helmut;D;Z;B;C;D;A;A;B;B;B
héloïse;Z;D;A;B;B;B;C;Z;A;B
henderson;B;Z;D;D;B;D;B;Z;B;A
hendrik;B;C;B;A;B;D;A;C;D;B
henri;D;B;Z;D;A;A;C;D;C;D
henrietta;A;Z;A;B;B;C;C;C;A;A
henriette;D;Z;D;C;D;A;C;B;C;D
henrik;C;B;B;A;B;B;D;C;Z;Z
henrique;D;C;C;Z;D;Z;B;A;A;A
henry;Z;Z;Z;D;D;C;B;B;A;A
hera;B;D;C;B;Z;D;C;B;Z;A
herb;B;B;D;B;C;C;Z;Z;D;B
herbert;B;B;D;D;B;B;C;B;A;D
hercule;D;Z;C;A;D;C;D;B;A;C
hercules;C;B;C;A;A;D;B;D;A;A
hereward;D;C;A;Z;C;C;D;D;Z;Z
herman;D;C;A;A;D;A;Z;B;Z;A
hermann;D;B;C;B;B;B;C;D;Z;C
hermes;D;D;C;C;A;A;Z;B;A;A
hermia;A;Z;A;Z;A;D;D;D;C;A
hermine;D;B;B;A;D;D;B;Z;A;B
hermione;C;Z;D;B;B;B;Z;D;D;D
hero;C;Z;A;A;Z;C;D;C;A;D
herschel;C;D;D;D;A;B;A;B;D;C
hervé;C;B;C;B;C;D;D;A;C;C
hervey;D;D;C;A;D;C;Z;D;D;B
hester;B;B;D;B;A;D;C;Z;A;A
hestia;Z;C;A;C;D;B;A;C;Z;A
hiba;A;C;D;B;A;A;D;C;B;A
hieronymus;B;B;B;B;A;A;C;D;C;A
hilaire;A;A;A;C;B;A;B;D;A;C
hilbert;B;B;D;A;D;B;C;A;C;A
hilda;A;A;A;C;B;D;B;A;B;D
hilde;C;D;C;B;A;D;A;D;Z;C
hildebrand;D;A;A;A;D;Z;A;A;D;B
hildegarde;D;D;B;C;D;D;C;D;A;A
hillary;D;B;Z;C;B;B;Z;B;Z;D
hillel;C;C;B;B;Z;D;C;B;Z;Z
hippolyte;B;C;B;A;D;C;Z;D;C;C
hiram;D;C;B;D;C;B;C;C;A;D
hitomi;D;B;D;D;C;C;C;C;A;A
hoa;B;C;D;Z;A;C;B;A;A;D
holden;D;A;D;B;Z;B;B;A;A;Z
holger;A;Z;Z;D;B;A;B;D;D;A
hollis;C;B;C;C;B;Z;C;C;C;Z
holly;B;B;D;D;Z;B;C;A;B;C
homer;A;B;B;A;C;B;D;B;A;C
honey;Z;D;A;D;Z;A;C;A;C;A
honor;B;B;Z;Z;D;D;D;A;A;D
honora;C;D;D;Z;D;B;B;D;D;C
honoré;B;A;A;D;D;D;D;B;Z;B
honorine;C;C;D;C;C;B;Z;A;D;D
honorius;C;B;D;D;B;C;B;A;C;C
hope;A;A;D;C;B;B;C;Z;Z;D
horace;B;D;D;D;D;B;C;B;B;B
horatio;B;D;C;A;D;C;B;Z;Z;D
horst;D;Z;B;C;A;Z;D;D;C;A
hortense;C;A;C;C;A;B;D;A;C;D
hortensia;Z;D;B;B;A;D;Z;B;B;D
horus;D;A;D;C;C;C;A;D;A;B
hosanna;A;B;C;C;C;A;C;Z;C;Z
hosannah;B;D;Z;D;D;C;C;D;D;B
howard;Z;D;C;A;C;C;B;B;C;A
howell;C;D;Z;C;B;Z;A;D;B;A
huang;C;A;B;B;C;A;B;A;D;D
hubert;A;B;C;C;Z;A;C;B;B;C
hubrecht;A;B;Z;A;B;Z;C;D;C;C
hudson;A;D;Z;B;D;B;D;C;D;A
huey;A;B;D;B;D;C;B;B;D;C
hugh;C;D;D;B;D;C;B;B;D;B
hugo;A;Z;D;C;Z;C;Z;C;A;D
hugues;D;B;D;A;D;Z;C;A;D;D
humbert;A;D;C;B;C;Z;A;B;B;A
humphrey;B;A;A;C;C;C;B;D;C;A
humphry;A;Z;C;C;A;C;A;B;B;B
hunter;A;B;B;A;D;C;Z;B;Z;A
huppert;C;B;A;C;C;A;C;D;C;B
hussain;B;D;B;A;B;D;D;B;C;D
hussein;A;A;A;B;C;C;A;D;D;B
hyacinthe;D;C;C;A;C;A;B;D;Z;Z
hyman;A;Z;C;A;C;B;A;A;A;B
iacchus;Z;A;A;A;A;B;D;D;C;C
iago;A;D;C;C;C;Z;D;B;D;C
ib;A;D;A;C;A;B;A;D;C;C
ibrahim;C;Z;B;D;Z;D;C;D;A;Z
icarus;D;D;D;B;B;D;B;B;C;B
ichabod;B;C;Z;D;A;A;B;B;D;D
ida;B;C;A;C;A;A;B;Z;B;C
idris;D;C;D;Z;A;C;D;B;B;B
ignace;B;A;B;D;B;B;C;B;A;C
ignacio;D;B;B;D;C;B;B;Z;D;A
ignazio;A;A;C;B;B;Z;A;D;B;B
igor;Z;C;Z;D;D;B;Z;A;D;D
ike;D;C;B;Z;D;B;B;B;D;D
ila;Z;D;D;D;D;D;D;D;D;B
ilario;C;B;A;D;B;D;B;A;A;A
ilia;B;D;D;B;C;B;C;A;Z;Z
ilona;C;D;D;D;B;D;D;C;D;A
ilse;D;A;D;D;C;A;C;C;A;A
ilya;B;A;C;B;A;A;B;C;B;D
imaculada;C;A;A;D;A;D;B;D;Z;B
imam;C;D;B;B;B;B;A;D;D;D
iman;C;B;D;A;A;C;A;A;B;Z
imelda;C;B;Z;D;D;A;D;Z;C;B
immanuel;Z;C;A;B;C;B;C;C;A;Z
ina;B;C;A;A;B;Z;B;C;B;B
india;C;B;C;D;C;C;D;C;D;B
indiana;D;B;A;D;Z;C;B;Z;A;D
indigo;Z;B;D;D;C;Z;C;Z;D;A
indira;D;C;B;C;Z;C;Z;B;A;Z
indra;D;D;C;Z;Z;D;A;A;Z;A
indy;D;C;B;C;D;D;A;A;D;B
inès;C;Z;D;D;B;Z;C;B;C;Z
inez;D;D;A;D;A;C;B;B;Z;A
ing;A;C;D;B;Z;C;B;Z;A;D
inga;D;A;B;A;C;C;A;B;A;A
inge;A;B;A;B;B;B;D;C;D;C
ingeborg;A;C;A;C;B;C;Z;C;B;Z
ingmar;B;Z;D;C;B;A;C;Z;B;B
ingolf;A;A;C;Z;B;C;Z;B;Z;B
ingram;C;D;D;B;A;D;B;D;A;B
ingrid;B;A;B;D;D;B;A;A;D;B
inigo;B;A;Z;B;B;C;B;C;D;B
innes;A;A;A;A;D;D;D;Z;A;B
innocent;C;C;B;D;D;D;A;B;C;A
into;C;Z;D;C;A;C;B;D;D;C
io;D;A;B;C;A;D;A;C;A;B
ion;D;D;B;B;B;A;B;C;C;B
ira;D;A;Z;C;D;B;C;D;B;D
irène;B;B;D;D;C;C;Z;A;C;D
irene;D;C;C;C;C;C;A;D;B;A
irénée;C;C;B;C;D;A;D;D;B;D
irina;C;C;B;B;D;C;Z;A;D;D
iris;B;C;D;D;D;C;C;Z;D;A
irma;B;D;C;B;A;C;D;A;D;D
irmgard;Z;D;C;D;D;C;B;B;B;D
irvin;D;Z;D;C;D;A;D;C;D;Z
irvine;B;A;B;D;A;A;A;D;B;A
irving;D;A;A;C;A;A;B;A;B;A
irwin;Z;A;C;A;A;B;Z;Z;A;A
isa;A;D;Z;Z;C;B;Z;B;A;B
isaac;Z;A;B;A;D;Z;C;D;C;B
isabel;C;A;C;Z;C;Z;D;A;Z;A
isabelle;B;D;D;C;B;C;Z;A;A;D
isadora;C;C;C;B;D;D;D;B;D;A
isaura;C;C;B;A;A;A;B;D;D;B
iseult;D;C;B;B;B;C;C;B;A;D
isha;C;C;B;Z;C;A;D;Z;C;C
isidore;D;C;C;Z;B;A;Z;Z;B;D
isidoro;D;B;B;D;D;A;C;A;C;A
isis;Z;C;A;B;A;C;D;Z;D;D
isla;D;B;B;Z;A;A;Z;C;D;D
ismael;B;B;Z;C;B;B;A;Z;B;C
isolde;C;B;B;C;C;D;C;B;A;B
isra;B;B;B;A;B;B;B;B;B;Z
israel;B;C;A;A;D;C;Z;D;C;A
issa;C;A;A;B;A;D;D;A;C;A
issy;B;A;B;Z;A;D;A;D;C;B
ita;A;C;A;D;C;B;Z;C;D;C
italo;Z;C;B;B;B;A;A;B;C;B
ivan;C;C;A;B;D;B;B;D;C;A
ivar;Z;B;C;D;C;D;B;D;D;Z
ives;A;D;C;D;D;D;C;D;C;A
ivor;C;Z;A;D;D;D;C;D;Z;D
ivory;B;C;A;D;B;A;D;D;D;B
ivy;B;D;A;B;C;Z;A;D;B;C
iwan;B;B;A;Z;D;A;A;D;D;D
iwo;A;B;B;C;B;C;D;A;C;D
izumi;D;D;C;B;D;D;A;A;B;C
jaan;Z;A;B;D;B;C;B;A;B;B
jabin;D;C;D;B;B;B;C;B;A;D
jacinthe;Z;A;C;D;D;C;C;D;D;A
jacinto;D;B;D;C;A;C;Z;B;B;B
jack;B;B;D;D;D;B;D;B;A;A
jacki;A;A;C;Z;A;C;D;B;Z;B
jackie;C;A;C;D;Z;C;Z;A;A;D
jackson;C;A;B;B;B;A;B;B;B;A
jacob;D;D;B;D;A;A;Z;C;B;C
jacobine;B;D;B;A;C;C;B;B;D;B
jacobus;D;C;Z;Z;B;A;C;B;D;A
jacopo;C;Z;C;A;C;A;D;A;Z;A
jacqueline;D;B;C;Z;A;C;C;B;C;C
jacques;B;Z;C;A;D;B;B;B;D;A
jacquette;B;C;D;D;D;B;D;C;C;B
jade;B;B;C;C;D;A;C;Z;C;Z
jaffe;B;A;D;A;C;C;C;B;C;A
jaffer;C;A;C;B;B;C;B;A;D;B
jahel;D;C;A;A;D;Z;D;B;A;Z
jai;A;D;C;Z;D;C;B;Z;D;B
jakob;B;A;Z;A;B;B;A;D;D;Z
jamal;A;B;C;C;D;A;D;D;D;B
james;B;B;B;B;D;A;Z;A;B;A
jami;D;C;D;A;D;C;B;B;C;Z
jamin;B;C;D;C;B;B;B;B;D;D
jane;Z;B;D;C;A;D;C;D;B;A
janek;A;A;C;C;A;B;A;A;Z;B
janet;B;D;D;D;A;D;B;Z;C;C
janie;C;C;A;C;B;B;D;D;C;C
janina;A;Z;B;B;B;C;C;D;A;Z
janine;A;Z;C;D;B;B;B;C;D;C
janna;A;A;C;C;D;C;C;B;C;B
janus;A;D;A;A;B;B;A;D;A;Z
jarka;A;B;C;D;C;D;A;B;C;D
jaroslav;B;C;D;Z;A;A;D;Z;D;B
jarrett;A;C;Z;D;B;B;D;B;A;A
jasmin;A;Z;B;A;A;A;C;D;A;B
jason;A;C;B;A;A;B;A;B;C;A
jasper;B;D;A;A;B;A;B;D;C;C
jaume;A;D;A;B;A;B;D;A;B;A
javan;A;C;A;D;B;B;B;D;A;A
javier;D;D;B;C;Z;Z;D;B;C;B
jeanette;C;A;Z;D;C;A;A;C;A;D
jeanine;C;B;C;C;B;C;A;C;D;A
jeanne;C;Z;B;C;D;A;B;A;Z;C
jeannette;B;B;D;D;C;B;B;D;D;B
jeannine;C;B;A;B;B;B;Z;C;D;A
jeannot;D;A;A;A;B;C;C;C;B;D
jeb;Z;A;C;C;A;D;B;B;Z;C
jeff;D;A;D;D;A;A;D;D;B;C
jefferson;C;Z;C;B;A;A;A;A;Z;D
jeffrey;B;A;B;D;D;A;D;B;D;A
jehovah;A;D;A;C;A;C;A;D;D;B
jemima;D;D;C;D;A;D;C;D;B;A
jen;C;A;B;D;B;B;Z;D;Z;A
jenny;D;B;Z;A;A;Z;C;A;Z;D
jeremiah;A;Z;Z;B;Z;C;Z;B;D;C
jérémie;C;A;D;D;B;B;D;Z;B;D
jeremy;A;A;A;B;Z;Z;A;A;D;B
jerk;C;C;D;B;D;D;A;Z;D;Z
jérôme;Z;Z;B;Z;Z;Z;D;A;B;A
jerome;D;A;A;D;A;A;D;D;Z;D
jerrard;Z;D;C;D;A;D;B;B;C;A
jerry;D;B;C;B;B;D;C;A;D;Z
jervis;C;C;Z;B;C;A;C;B;C;B
jessica;D;A;C;B;D;B;C;C;A;A
jesus;B;D;Z;B;C;B;B;A;C;C
jethro;Z;C;A;C;B;D;D;C;B;A
jetta;A;D;C;B;C;B;C;D;B;B
jeunesse;D;D;A;Z;C;B;C;B;C;A
jezebel;C;Z;A;B;Z;D;C;C;C;Z
jiang;C;D;D;B;A;B;B;D;D;D
jill;C;B;B;Z;Z;A;D;D;B;B
jim;A;A;C;Z;D;B;B;C;A;C
jimi;C;A;Z;B;D;C;C;A;A;D
jimmy;A;Z;B;B;D;C;Z;B;D;C
jin;A;C;C;B;A;B;C;B;C;C
jing;A;B;D;A;C;Z;D;B;A;B
jo;C;B;C;A;D;B;A;A;D;Z
joachim;D;D;C;D;C;C;C;D;A;B
joanne;D;D;C;A;Z;C;B;D;A;B
joannes;Z;D;Z;C;D;B;D;A;B;Z
joaquim;A;B;A;Z;D;C;A;C;B;B
joaquin;D;Z;A;D;A;C;C;D;B;B
job;Z;Z;B;D;D;A;B;D;A;D
jocelyn;A;A;D;D;Z;D;D;C;B;D
joe;A;C;D;A;B;A;C;C;A;C
joël;D;A;D;A;C;C;A;Z;A;D
joey;A;B;Z;C;A;D;D;D;Z;B
johan;B;C;C;A;B;A;A;D;C;Z
johann;C;D;B;Z;D;B;C;C;D;B
johanna;C;Z;B;B;C;C;D;Z;B;A
johannes;D;D;Z;D;A;D;B;C;D;Z
john;D;D;Z;B;C;D;D;D;C;A
johnnie;D;Z;C;C;C;C;C;D;B;B
johnny;D;Z;D;B;B;D;D;D;C;C
joi;D;C;Z;B;B;Z;B;B;B;Z
joisse;D;C;A;Z;B;B;C;C;C;C
jolie;D;B;B;B;B;C;C;B;Z;A
jonathan;Z;D;B;A;C;A;Z;C;B;C
joop;Z;A;C;A;C;B;A;D;C;C
joos;C;A;A;Z;C;D;B;D;D;Z
jordan;D;C;A;B;B;B;D;A;C;C
jorge;D;B;B;C;B;C;B;B;A;C
joris;D;A;Z;A;C;D;B;B;D;B
jos;A;B;B;D;C;D;A;C;C;D
josé;D;D;Z;C;B;C;B;A;B;Z
josée;B;C;D;C;A;B;Z;C;C;B
josef;C;A;Z;D;C;B;D;Z;B;A
josep;D;B;C;A;B;C;C;B;C;A
joseph;C;B;A;B;B;B;Z;C;A;D
josepha;D;B;A;C;A;Z;B;D;C;B
josèphe;A;A;C;C;B;D;C;A;A;C
joséphine;D;D;C;D;B;B;C;A;C;D
josette;D;Z;A;A;B;A;D;C;C;C
joshua;A;C;B;C;C;C;A;C;B;C
josiah;C;C;C;C;D;A;D;B;D;C
josiane;C;B;D;A;C;B;D;C;B;D
josias;A;D;A;B;D;C;B;C;Z;A
josie;B;B;Z;D;C;C;D;C;D;B
jourdain;D;Z;B;D;A;A;Z;A;C;B
joy;C;C;C;D;A;B;Z;A;D;B
joyce;B;D;C;C;C;B;C;D;D;Z
ju;D;A;D;D;B;A;A;C;Z;Z
juan;B;B;D;C;A;C;D;C;Z;A
juana;D;Z;C;C;Z;A;D;D;B;D
juanita;C;D;A;C;D;A;A;B;A;D
juanito;D;A;B;B;D;Z;A;B;D;A
juda;D;C;A;D;Z;B;Z;A;Z;B
judas;C;C;A;A;A;B;Z;C;B;B
jude;C;Z;B;D;D;Z;C;A;D;D
judith;D;C;A;C;B;C;D;Z;D;D
judy;D;Z;B;B;D;C;C;C;Z;A
julia;B;D;Z;B;A;B;B;A;D;B
julian;C;B;B;D;A;A;C;A;Z;D
juliana;B;A;D;B;Z;C;C;A;D;A
julie;D;Z;D;A;C;B;B;D;D;A
julien;D;A;B;D;Z;C;D;Z;C;Z
julienne;D;D;C;B;Z;A;C;C;A;A
juliette;C;C;C;C;C;Z;A;D;C;C
julio;A;Z;B;A;B;D;D;Z;A;C
julius;A;B;C;D;A;Z;B;C;B;D
july;D;A;B;Z;B;B;C;B;C;A
june;D;A;Z;A;B;D;B;C;A;C
jung;Z;A;C;D;D;B;D;B;Z;B
junior;Z;A;A;C;C;D;D;B;D;Z
juno;A;C;A;A;B;Z;C;C;C;B
jupiter;C;B;C;C;A;A;A;A;B;C
jure;A;C;Z;A;Z;C;B;B;B;D
jürgen;C;C;Z;B;B;B;D;B;A;D
jurgis;B;B;C;B;B;A;D;B;A;B
juro;D;D;Z;D;C;D;A;C;C;Z
juste;A;C;D;A;D;A;B;C;Z;D
justice;A;A;A;D;D;B;A;B;B;C
justin;C;B;A;B;C;A;A;D;B;C
justine;C;A;C;A;B;C;A;A;B;A
justus;B;D;C;C;A;B;A;D;D;C
juvenal;A;C;D;D;C;B;C;C;A;D
kader;B;A;B;A;D;D;D;B;C;C
kaila;A;A;C;C;C;B;B;B;B;C
kaiser;D;A;C;B;D;Z;B;D;C;A
kala;D;B;C;A;Z;A;C;D;A;B
kali;A;B;B;D;D;Z;A;A;B;Z
kalla;C;A;D;C;D;B;A;A;C;B
kam;B;D;D;D;C;Z;A;B;Z;A
kama;A;C;B;C;C;D;B;C;B;A
kane;B;Z;D;C;D;Z;B;D;C;A
kaolin;C;D;D;D;C;B;B;A;Z;D
kara;B;A;C;C;C;C;C;D;B;B
karel;D;A;A;A;B;D;C;C;B;C
karen;B;B;B;B;B;Z;B;D;C;Z
karim;D;D;B;A;A;B;D;A;D;B
karin;D;B;C;D;D;C;B;C;Z;C
karl;Z;B;C;C;C;A;C;D;A;A
karla;B;A;B;D;B;C;D;B;A;A
karol;Z;B;D;D;D;A;B;C;A;C
karp;Z;A;C;D;C;B;C;A;D;D
karsten;D;B;C;C;B;D;D;C;B;C
karyn;C;Z;C;Z;B;D;A;A;Z;C
kaspar;D;C;C;D;Z;C;A;B;D;C
kasper;Z;A;C;A;Z;B;C;B;A;Z
kat;B;Z;D;A;C;A;C;B;B;B
kata;Z;D;A;Z;C;B;B;B;B;C
kate;A;B;B;Z;A;D;C;B;D;D
katharine;B;C;D;C;D;Z;Z;A;A;D
katherine;D;D;D;C;A;B;C;A;B;C
kathleen;A;Z;D;A;A;A;C;B;B;C
kaye;C;A;B;C;Z;D;C;B;C;B
keane;B;C;A;C;D;C;A;B;Z;Z
keaton;A;B;B;A;D;Z;A;A;Z;D
keefe;C;C;C;B;C;C;A;C;D;D
keir;D;C;C;D;Z;D;A;B;D;B
keisha;Z;A;B;A;C;D;Z;B;D;Z
keith;A;C;B;A;B;A;D;D;C;D
kelley;B;C;B;D;C;B;A;Z;C;A
kelly;C;B;D;B;D;C;A;C;D;D
kelvin;C;A;B;C;Z;C;B;B;Z;C
kemp;B;C;Z;D;B;C;C;C;C;Z
kendall;B;B;A;A;Z;A;D;C;A;A
kennedy;A;B;Z;C;A;A;D;B;D;D
kenneth;B;C;D;B;D;D;D;B;Z;D
kenny;A;A;B;B;B;B;B;Z;B;C
kent;B;Z;C;D;D;A;Z;D;C;Z
kenya;C;B;D;B;A;D;Z;D;Z;D
kenyon;B;C;A;Z;C;D;A;A;A;C
keren;A;Z;A;A;Z;A;A;A;C;A
kerr;D;C;D;A;B;A;C;A;Z;B
kevin;C;D;D;B;A;D;Z;A;C;Z
khadija;C;A;D;C;B;A;A;C;D;Z
khalid;A;Z;B;B;A;A;B;C;C;A
khalil;B;C;B;C;C;A;A;B;D;D
khayyam;A;A;D;A;C;C;D;A;C;A
kiefer;B;A;B;B;B;D;C;D;Z;D
kilian;A;C;B;B;D;D;B;B;C;D
killian;C;C;D;B;B;C;A;C;B;D
kimberley;Z;A;B;B;C;A;C;A;D;D
king;A;D;C;B;A;D;C;C;B;A
kipling;A;Z;Z;D;A;D;A;D;D;B
kirby;B;A;A;B;A;C;A;C;D;D
kiri;D;D;D;B;A;D;D;A;B;D
kirk;B;B;D;C;D;A;A;C;D;C
kit;C;C;C;C;D;D;Z;D;B;Z
klaus;C;C;A;A;C;Z;B;D;B;B
klemens;D;A;A;B;Z;C;B;A;D;C
klio;Z;A;C;D;C;C;A;A;C;C
knud;Z;Z;A;A;B;C;D;Z;C;B
kobe;Z;D;A;B;B;B;C;D;Z;A
koen;D;Z;B;B;B;B;B;Z;B;Z
kondrat;C;Z;C;A;B;A;D;D;D;Z
konrad;A;Z;B;A;A;B;B;D;D;B
kris;Z;D;Z;A;A;D;C;A;Z;D
krishna;B;A;B;C;A;A;D;C;Z;D
kumiko;B;A;D;D;A;B;B;A;D;A
kun;C;B;C;D;B;D;Z;D;Z;D
kuno;B;B;A;C;C;Z;D;A;Z;B
kuro;A;B;A;B;A;C;A;B;C;A
kurt;D;D;C;A;A;A;C;C;A;A
kyle;C;B;Z;B;A;Z;Z;A;D;C
laban;B;D;A;C;A;D;Z;C;C;A
ladislas;C;D;B;B;B;D;A;A;D;A
laetitia;B;C;B;Z;A;A;A;D;B;C
laird;C;Z;A;B;Z;C;A;C;A;Z
lake;D;C;D;C;A;D;C;D;A;A
lala;B;A;D;A;Z;C;C;D;C;B
lalla;D;A;B;C;A;C;D;B;A;C
lally;A;D;C;A;D;C;A;C;C;C
lalo;C;A;A;B;C;A;D;A;C;B
lambert;C;Z;B;C;B;Z;C;D;C;A
lamech;A;B;D;Z;B;B;C;Z;B;D
lamont;D;Z;B;A;A;C;C;A;D;D
lamprecht;C;A;A;D;C;B;B;B;B;B
lan;D;D;B;D;B;C;Z;C;C;B
lana;D;A;C;C;C;Z;A;D;A;D
lance;A;C;D;B;C;C;C;Z;A;D
lancelot;D;A;B;D;B;D;B;A;D;B
landon;B;A;A;D;D;C;B;D;C;A
lane;A;B;B;B;Z;Z;D;B;C;B
lanzo;C;B;C;A;D;D;C;B;Z;B
lara;A;C;C;Z;Z;A;B;Z;Z;A
larisa;D;C;C;D;B;B;D;Z;A;C
larissa;B;B;A;A;D;Z;A;D;A;B
lark;A;C;D;A;B;C;A;C;B;A
lasse;B;C;B;B;A;A;C;C;D;C
lata;A;B;D;C;D;D;A;C;A;D
laura;B;A;A;B;C;C;B;D;Z;Z
laure;Z;D;Z;A;C;Z;D;Z;A;D
laurel;A;C;C;A;A;A;B;B;C;A
laurelle;B;A;C;Z;A;B;A;B;D;C
lauren;D;C;A;B;A;C;B;C;Z;A
laurens;D;D;D;B;C;C;B;B;Z;D
laurent;Z;Z;C;C;A;D;B;D;B;B
laurette;B;Z;C;Z;B;B;B;B;D;B
laurie;D;C;A;Z;D;B;D;D;C;A
lauro;Z;B;B;D;A;Z;A;C;Z;C
lavena;C;A;B;B;B;D;A;D;B;A
laverne;C;B;D;D;D;C;B;Z;D;A
lavrenti;D;Z;Z;B;A;A;A;C;D;Z
lawrence;D;A;D;D;A;B;C;D;D;Z
lawson;B;A;A;B;C;D;Z;B;A;B
layton;B;A;D;B;D;C;D;B;A;C
lazare;B;C;D;C;A;D;B;B;B;C
lazarus;A;A;B;D;A;Z;D;C;B;D
lazzaro;D;D;B;D;D;B;A;C;C;B
léa;A;A;C;B;C;C;A;A;B;B
lea;B;C;B;Z;C;D;A;B;D;C
leander;C;A;A;C;A;C;B;D;A;A
léandre;A;D;C;Z;Z;A;C;C;B;Z
lee;A;D;Z;B;D;B;B;A;A;A
leigh;A;D;C;A;C;A;A;A;A;C
leighton;C;A;D;D;C;D;C;D;C;C
leila;A;D;B;C;B;B;D;A;A;A
leland;D;D;A;A;C;B;D;C;D;D
lemmy;B;A;B;B;B;A;C;A;A;Z
lemoine;A;B;Z;C;Z;D;B;C;B;C
lena;B;D;A;D;A;B;C;B;B;B
lenard;Z;A;B;C;B;D;A;B;C;B
leni;D;C;A;C;D;Z;B;A;A;A
lennard;D;B;B;C;B;C;B;C;A;A
lennon;B;A;C;C;B;C;A;D;A;C
lenore;B;B;D;D;B;C;D;B;B;C
lenox;D;D;C;B;A;D;A;C;D;C
lenz;C;B;D;B;A;B;B;D;C;B
leo;A;B;D;C;A;D;D;C;C;C
léon;B;B;B;B;A;B;A;B;D;B
leon;A;C;A;B;D;A;B;D;A;C
leona;D;D;C;B;B;B;D;D;D;D
léonard;C;D;D;C;B;A;A;A;C;A
leonard;B;B;A;D;D;D;D;C;A;D
leonardo;B;D;D;A;C;B;B;D;C;A
léonce;C;A;C;A;B;Z;A;C;B;D
leonhard;B;A;D;C;D;D;D;A;A;D
leonid;C;Z;D;D;A;D;A;B;C;A
leonidas;Z;D;Z;A;A;B;C;Z;B;D
léonie;A;B;D;D;D;Z;D;C;D;D
leonor;C;C;D;B;A;D;C;D;Z;Z
leonora;D;A;C;B;D;D;B;A;B;B
leonore;B;A;B;D;Z;A;A;A;Z;C
léontine;B;C;A;C;C;D;A;A;B;A
léopold;B;A;B;D;Z;C;B;Z;B;D
leopold;A;A;D;C;B;B;Z;D;A;A
leroi;C;B;B;B;B;Z;D;Z;D;C
leroy;C;Z;Z;D;D;D;A;B;C;B
les;B;C;C;A;D;A;A;A;C;C
leslie;C;C;C;D;A;C;Z;B;C;A
lester;D;D;Z;A;D;C;A;B;B;D
leticia;C;A;B;C;D;B;B;C;Z;A
leto;D;A;C;D;B;B;D;B;D;D
letty;A;C;B;C;B;A;B;B;D;D
lev;D;B;A;A;B;B;A;D;C;D
levi;D;B;A;D;B;B;D;C;C;D
lew;C;C;D;C;D;Z;Z;D;C;D
lewin;B;D;D;D;B;B;Z;A;C;D
lewis;B;B;C;B;C;B;A;A;B;B
lex;D;C;B;D;C;C;B;A;B;B
lexie;Z;B;Z;A;D;C;B;B;D;B
li;D;C;A;C;A;A;A;A;Z;B
lia;A;A;Z;Z;B;C;B;C;A;Z
liane;C;A;D;Z;Z;B;D;C;A;B
libby;Z;D;B;C;C;B;C;C;D;B
liber;B;A;D;B;D;A;C;D;A;C
liberty;A;B;A;C;A;A;C;B;D;D
lida;D;C;C;B;B;D;B;B;B;B
lidia;C;C;B;Z;B;A;D;D;A;D
lieber;D;B;A;D;A;A;B;B;D;Z
lien;A;Z;C;C;D;B;Z;C;B;A
liesel;B;B;Z;A;D;Z;Z;B;D;A
lili;A;B;A;A;D;Z;C;D;A;A
lilia;C;A;Z;Z;D;D;D;Z;D;C
lilian;A;Z;B;A;Z;D;D;C;B;A
liliana;A;B;C;Z;Z;C;B;B;B;A
lilith;B;Z;C;C;A;A;D;A;B;A
lillie;A;C;B;B;Z;A;Z;A;B;C
lily;A;A;A;Z;D;D;A;B;A;B
lin;B;B;C;Z;C;A;D;C;A;C
lincoln;C;B;D;C;B;C;B;A;D;A
linda;B;D;C;C;A;B;D;B;Z;D
linden;B;D;A;B;A;A;Z;C;D;C
lindsay;B;D;C;C;A;Z;C;D;D;D
linette;C;B;A;C;B;A;B;D;B;B
ling;B;B;Z;D;D;D;B;B;D;B
linos;B;Z;C;Z;B;B;A;D;A;D
linton;Z;D;B;C;A;A;A;B;Z;D
linus;Z;D;A;C;A;B;C;D;B;B
lionel;Z;A;D;A;B;C;D;Z;D;B
liron;D;D;B;B;Z;B;C;D;A;D
lis;D;D;A;C;C;D;Z;D;C;C
lisa;B;C;C;D;Z;C;B;Z;B;D
lisbeth;B;A;Z;A;A;B;A;B;A;B
lise;B;A;B;C;B;B;A;D;C;D
lisette;B;A;C;D;A;C;B;C;B;A
lissa;B;D;Z;D;B;C;A;B;Z;C
liv;D;A;D;D;D;Z;A;D;D;D
livius;A;A;C;Z;B;A;Z;B;D;D
liz;B;C;A;A;A;D;D;Z;Z;A
llewellyn;A;C;B;B;C;A;D;C;A;Z
lloyd;Z;A;B;C;C;B;B;A;A;A
lluis;C;B;A;C;A;Z;B;C;D;A
logan;A;D;C;B;D;Z;D;A;C;C
lois;B;C;A;Z;B;B;D;Z;D;B
lola;A;A;B;D;C;Z;C;B;A;A
lolita;C;B;B;Z;A;D;D;B;D;A
lon;D;Z;C;B;B;B;B;Z;B;A
london;D;D;C;C;A;C;C;A;D;A
lone;D;Z;C;D;B;A;C;D;A;A
lope;B;B;A;Z;Z;C;A;D;D;C
lore;B;C;B;Z;C;B;D;B;B;B
lorelei;D;B;B;A;D;Z;B;C;Z;D
loren;D;A;D;B;B;B;B;A;D;A
lorenz;C;Z;Z;D;C;D;B;B;A;C
lorenza;Z;B;Z;B;C;B;A;C;D;C
lorenzo;D;B;A;B;Z;A;A;B;A;C
loreto;D;A;D;D;B;D;C;A;D;D
lorette;C;B;Z;C;Z;D;A;D;C;B
lorne;C;B;B;B;A;D;D;A;Z;A
lorraine;B;A;D;B;C;B;A;D;D;A
lothaire;Z;D;B;C;A;D;B;A;C;A
lothar;A;A;C;Z;A;Z;D;A;A;A
lotta;D;D;C;C;B;B;D;C;B;D
lotte;Z;D;Z;B;C;B;B;A;B;D
lotus;B;C;B;C;C;C;D;A;C;A
lou;C;A;B;B;Z;C;B;C;D;D
louis;C;C;D;B;A;B;B;A;D;C
louisa;D;B;B;D;C;A;A;D;A;A
louise;C;B;D;B;A;C;D;A;D;B
loup;Z;Z;Z;D;C;B;A;B;A;C
lourdes;Z;B;B;B;A;B;C;B;C;Z
love;B;A;B;B;B;B;A;D;Z;A
lovell;Z;A;D;C;D;A;B;B;C;Z
lowell;D;Z;D;C;B;Z;B;B;B;Z
luba;B;A;B;B;B;D;Z;D;B;A
luc;A;A;A;Z;D;A;A;A;A;D
lucas;D;C;D;B;A;C;A;D;A;Z
luce;Z;A;Z;B;B;A;B;A;D;B
lucia;A;A;D;Z;D;A;C;A;C;D
luciana;Z;B;B;C;B;A;D;A;Z;B
luciano;D;D;A;B;D;C;D;A;A;D
lucie;B;A;A;D;C;Z;B;B;A;A
lucien;B;B;B;B;D;B;B;D;Z;C
lucienne;Z;B;C;D;B;B;D;A;A;A
lucifer;B;A;A;B;A;Z;C;D;A;A
lucile;D;A;A;D;A;A;Z;Z;D;D
lucille;B;B;A;D;B;C;A;B;D;D
lucina;A;D;Z;B;D;D;B;A;Z;C
lucine;C;D;Z;Z;A;C;B;A;C;B
lucio;A;D;B;B;A;A;A;D;A;A
lucius;A;B;C;A;D;C;B;A;A;C
lucky;C;D;D;D;B;Z;C;A;C;D
lucretia;D;C;C;Z;B;A;A;D;D;A
lucrezia;D;D;C;C;B;C;Z;D;B;A
lucy;D;A;C;D;B;A;B;Z;A;B
ludmilla;A;B;Z;B;A;D;C;B;B;B
ludo;B;B;D;B;A;D;C;A;A;A
ludovic;Z;A;B;A;Z;A;D;A;C;A
ludwig;D;Z;D;D;A;D;D;A;B;A
lugus;A;C;D;Z;B;B;C;D;C;B
luigi;D;A;D;D;D;D;C;Z;C;A
luis;A;B;D;A;D;C;A;C;D;D
luisa;B;A;B;A;C;D;A;A;D;Z
luise;C;A;A;D;A;A;D;A;B;A
luka;C;C;A;C;A;D;D;A;D;B
lukas;C;B;D;B;D;A;Z;Z;B;B
luke;D;A;Z;D;A;B;A;B;B;A
lula;C;Z;D;A;B;Z;D;Z;A;C
lulu;D;C;B;B;C;A;D;A;A;D
luna;C;D;A;C;A;A;A;C;C;A
lupe;B;A;D;A;Z;C;A;C;C;B
lure;D;A;C;B;B;B;C;A;B;D
luther;B;D;Z;A;C;Z;A;D;D;C
lutz;B;Z;C;D;B;B;D;B;A;B
lux;A;C;C;Z;D;B;B;B;C;B
luz;C;A;D;A;C;A;C;Z;C;A
lydia;C;B;A;B;A;D;A;A;C;A
lydie;D;D;Z;C;D;A;A;C;D;Z
lyndon;Z;C;D;A;A;C;B;C;A;A
lynn;C;D;C;B;A;C;A;A;B;C
lyra;B;A;A;D;C;A;D;A;C;D
lysander;Z;B;C;B;C;D;B;A;A;A
lysistrata;A;Z;D;D;Z;A;A;D;A;B
mabel;B;D;Z;B;C;D;C;D;D;A
mabon;B;D;Z;D;C;B;A;C;A;A
macarena;A;C;Z;C;Z;C;A;C;B;B
mack;A;A;D;B;D;B;A;C;B;Z
mackenzie;C;D;C;A;Z;B;C;Z;C;C
macy;C;B;B;C;Z;B;C;B;D;A
madeleine;C;C;Z;C;B;D;A;C;D;A
madison;D;D;A;B;A;B;D;D;C;D
madonna;B;C;Z;A;B;D;A;A;B;C
mae;C;D;Z;D;A;D;B;A;D;Z
magda;B;B;B;C;A;C;B;D;C;B
maggie;A;A;B;B;C;C;A;Z;C;C
magnolia;B;C;C;B;B;Z;Z;D;A;A
magnus;C;B;B;B;C;Z;B;D;D;Z
maha;B;A;C;A;B;C;C;A;D;C
mahatma;C;B;B;C;C;D;Z;C;D;D
mahmud;A;C;B;D;C;A;C;B;Z;Z
mahomet;B;B;Z;C;B;A;A;Z;B;D
mahon;A;C;C;D;A;C;D;C;D;Z
mai;C;A;B;Z;D;B;C;C;B;D
mair;C;C;C;C;B;C;A;C;Z;C
maisie;A;C;C;D;D;D;C;D;A;A
maitland;D;C;Z;B;D;D;B;Z;B;B
maja;C;D;A;B;C;C;B;C;C;C
major;C;A;B;D;C;D;C;Z;A;B
mala;B;C;A;D;C;D;B;A;A;A
malcolm;A;Z;A;C;C;C;A;B;B;D
malcom;B;D;A;A;B;D;B;B;B;C
malik;Z;A;C;A;C;D;A;D;A;D
malika;A;B;A;C;Z;A;D;Z;C;Z
malin;D;D;Z;D;Z;Z;D;D;D;D
mallory;C;D;B;A;Z;Z;D;A;A;A
malone;A;Z;D;D;B;B;D;Z;D;Z
malvina;C;D;A;D;C;A;A;A;Z;B
mamie;A;B;A;A;D;D;C;B;A;B
mandy;B;C;C;D;B;B;C;D;D;D
manfred;Z;C;D;B;A;C;C;C;B;A
mani;C;D;B;A;D;B;A;C;D;B
manley;C;C;D;C;D;A;Z;A;C;B
manoel;A;D;A;Z;B;D;D;A;C;D
manolo;A;C;Z;B;C;Z;C;A;C;B
manon;Z;D;A;A;C;C;D;D;C;B
manu;Z;C;Z;Z;C;B;C;A;B;C
manuel;C;B;A;Z;C;C;B;D;D;A
manuela;D;A;A;B;D;Z;B;A;Z;B
manus;B;D;B;B;C;D;Z;C;A;D
maral;A;Z;B;B;A;D;D;A;A;A
marc;B;C;A;D;B;D;D;D;Z;D
marcel;A;D;D;D;C;A;B;A;D;C
marcelina;D;C;A;C;C;A;B;A;A;D
marceline;C;B;C;D;C;C;B;D;A;C
marcelino;D;D;C;A;D;B;D;B;B;Z
marcella;C;A;B;A;D;C;B;A;C;C
marcelle;C;A;B;D;A;C;Z;Z;Z;B
marcellin;C;B;C;Z;C;C;B;B;C;D
marcelline;C;A;C;B;B;C;D;D;A;B
marcello;C;C;A;A;A;Z;A;A;A;A
marcellus;C;D;Z;B;A;D;C;B;B;D
marcia;A;B;Z;D;D;D;A;A;B;Z
marco;C;D;B;B;B;A;D;D;A;B
marcos;B;D;D;C;C;D;B;Z;A;D
marcus;A;A;A;B;C;D;D;Z;D;A
marek;Z;B;Z;D;D;D;C;A;Z;C
marfa;A;A;B;Z;B;A;B;C;D;B
margaret;C;B;D;Z;D;A;B;A;A;A
margarita;B;C;C;Z;Z;C;C;A;A;C
margaux;Z;D;Z;D;D;C;A;A;C;A
marge;D;Z;B;C;A;C;B;B;D;D
margery;A;Z;D;C;Z;C;B;C;B;C
margherita;C;Z;Z;B;B;Z;D;D;A;C
margie;C;B;C;C;D;B;C;D;B;D
margot;C;D;D;C;A;D;C;D;D;A
margrethe;C;D;B;A;C;A;A;A;D;Z
marguerite;D;A;C;Z;A;B;B;B;B;C
mari;C;C;C;A;D;C;C;C;A;B
maria;C;A;A;Z;B;A;A;A;C;D
mariam;D;C;B;Z;B;C;A;C;D;C
mariana;B;C;A;C;C;C;B;D;Z;A
marianna;Z;C;C;B;B;A;A;A;D;Z
mariano;D;C;C;Z;D;D;B;B;C;Z
marica;A;Z;A;D;C;A;C;B;A;D
marie;B;C;D;D;B;Z;C;B;A;D
mariella;A;B;D;B;D;C;A;D;A;B
marielle;D;A;D;D;A;B;A;D;C;B
marietta;A;A;D;D;D;A;D;D;B;D
mariette;B;B;B;D;A;D;D;C;B;C
marigold;C;C;B;B;A;C;A;A;Z;C
marika;C;D;C;B;D;A;D;B;C;B
marilou;D;D;D;D;D;C;B;A;B;A
marilyn;A;C;D;A;A;C;A;C;B;Z
marin;D;A;Z;C;C;C;B;B;D;Z
marina;A;C;D;A;D;D;B;B;Z;B
marine;A;Z;D;C;C;B;B;D;A;A
marino;D;C;B;B;C;B;B;Z;Z;B
marinus;B;A;C;D;D;A;Z;A;D;C
mario;Z;C;D;A;D;A;A;B;C;C
maris;D;C;B;A;A;D;Z;Z;D;A
marise;D;D;B;D;Z;A;B;A;C;C
marius;A;C;C;A;D;D;Z;A;Z;B
marjolaine;C;C;C;D;D;A;A;Z;A;B
marjorie;A;C;B;C;A;Z;D;D;D;A
mark;C;C;Z;B;D;A;B;Z;B;A
marko;D;C;B;B;A;B;C;B;B;D
markus;A;A;B;D;C;D;C;A;D;C
marlene;B;B;B;D;B;C;D;D;B;C
marley;A;D;D;B;D;B;A;C;C;A
marlon;B;A;D;A;D;B;B;D;C;D
marlowe;B;D;B;Z;D;D;D;A;A;A
marly;Z;C;D;B;D;A;Z;C;D;D
marquis;B;D;C;B;C;B;A;Z;B;B
marquise;B;A;B;C;C;C;D;B;Z;D
mars;D;A;C;A;B;D;B;Z;D;D
marshal;B;B;C;A;D;A;C;Z;D;D
marshall;C;A;C;B;B;B;D;B;Z;A
martha;A;A;B;D;C;B;A;B;B;D
marthe;B;C;Z;C;B;D;D;A;Z;D
martin;A;A;C;C;B;C;C;B;C;A
martine;A;A;C;C;D;B;C;D;C;B
martino;B;A;D;D;B;Z;A;C;D;C
marty;C;C;D;Z;D;A;B;A;D;C
marva;D;B;Z;C;Z;C;A;B;C;D
mary;D;D;C;C;A;C;A;Z;C;C
maryvonne;A;C;B;C;D;D;D;C;A;Z
mason;A;C;D;D;D;C;C;C;Z;A
massimo;C;A;B;A;D;A;C;Z;D;C
masterman;C;B;B;D;C;D;C;B;A;D
mat;D;C;D;A;A;Z;C;B;A;D
mateo;C;C;B;C;B;A;B;A;A;D
mathew;D;C;C;A;B;B;C;C;A;B
mathias;C;D;D;C;Z;A;A;D;Z;A
mathieu;D;A;Z;A;D;D;C;A;A;B
mathilde;D;A;B;B;C;D;D;A;Z;C
mathis;D;C;D;A;C;B;Z;C;A;Z
matilde;A;D;B;A;D;D;D;C;A;B
matrona;B;Z;B;A;B;A;A;D;C;A
mats;A;A;D;D;B;A;C;B;C;C
matt;C;D;C;B;B;D;C;Z;Z;D
matthew;C;B;Z;A;B;D;A;B;Z;C
matthias;C;C;D;A;B;Z;C;C;Z;A
matthieu;A;C;B;Z;C;B;A;D;A;D
mattia;C;B;B;Z;C;B;B;B;Z;A
maud;C;B;D;B;B;B;B;A;C;D
maureen;C;B;B;C;A;A;B;C;B;A
mauri;D;C;Z;C;D;C;B;A;C;Z
maurice;C;B;C;A;D;C;B;A;A;Z
maurizio;A;C;C;A;D;B;D;C;D;C
mauro;B;C;Z;C;B;B;C;C;Z;D
max;D;D;D;A;B;D;D;Z;A;D
maxim;B;C;C;Z;C;C;A;D;B;A
maxime;B;D;C;Z;B;C;C;A;B;A
maximilien;D;A;Z;Z;C;C;Z;B;B;D
maximus;C;C;C;A;A;A;B;A;C;Z
maxwell;A;D;C;A;B;Z;B;C;A;A
may;B;D;A;C;C;B;Z;A;C;D
maynard;A;B;D;A;C;D;C;D;B;Z
mckenzie;C;B;A;C;D;D;B;C;Z;B
meadow;C;A;A;A;Z;D;B;B;C;C
medea;D;A;B;C;B;C;B;D;B;B
media;C;A;D;C;C;B;C;B;A;D
meg;A;C;A;A;Z;D;Z;B;A;A
mehmed;Z;Z;Z;D;B;B;B;D;Z;A
mehmet;D;B;C;B;D;D;C;A;B;Z
mei;A;C;C;B;A;A;A;D;A;A
meir;C;B;C;C;D;C;A;D;B;D
mel;A;A;A;A;B;C;C;A;D;C
mélanie;B;A;D;D;A;B;A;B;C;C
melanie;A;B;B;C;C;Z;A;A;C;B
melba;C;Z;B;C;D;D;C;B;D;A
melchior;C;D;A;D;C;Z;B;C;D;D
mele;B;A;A;A;C;C;A;B;B;D
melina;Z;D;D;C;B;B;C;B;A;C
melissa;C;B;D;B;Z;B;B;B;Z;A
melita;B;A;D;B;D;D;B;Z;A;B
melle;D;B;D;D;Z;A;C;B;A;A
melody;B;C;B;A;D;B;Z;B;A;D
melville;D;Z;C;A;B;C;A;D;D;Z
melvyn;D;B;B;D;C;C;Z;A;A;A
mendel;Z;A;B;D;B;D;D;A;D;B
mercedes;A;C;B;Z;Z;A;D;D;C;Z
mercury;A;B;A;B;C;D;C;A;A;C
mercy;A;C;C;A;C;C;D;A;D;C
meredith;C;A;D;Z;Z;D;D;D;Z;A
merle;A;D;Z;Z;B;D;D;B;B;C
merlin;B;A;C;C;C;B;D;C;C;B
merrill;B;D;B;C;B;D;C;A;Z;C
merry;D;D;A;A;B;C;Z;C;Z;C
merton;C;A;B;A;B;C;A;Z;C;D
merv;C;Z;A;A;B;B;Z;C;B;D
mervyn;A;A;A;A;D;C;C;B;C;D
meryl;Z;C;Z;Z;B;B;D;C;C;B
mette;D;B;C;Z;D;C;C;C;Z;D
meyer;B;B;A;B;B;C;D;Z;A;B
mia;C;A;Z;Z;C;B;B;B;B;B
mica;C;A;A;A;D;A;D;C;D;C
michaël;C;D;A;D;B;C;A;D;C;D
michael;D;A;D;C;C;C;C;C;A;Z
michel;A;B;B;D;C;Z;D;A;B;B
michelangelo;A;A;C;D;Z;D;D;B;C;Z
michèle;D;D;B;C;D;B;B;B;D;C
michele;B;C;B;D;C;A;C;D;Z;C
micheline;C;A;A;B;C;A;B;D;A;A
michelle;D;D;A;B;C;D;C;C;C;B
michi;D;D;C;Z;Z;B;B;A;B;D
michiel;A;B;D;C;B;A;C;A;D;A
mick;D;C;A;Z;C;B;C;A;A;D
mickey;Z;C;C;Z;C;B;D;D;B;B
midas;A;Z;A;C;D;D;A;C;B;Z
mignon;D;C;B;C;D;A;A;B;C;B
miguel;A;D;C;D;C;B;C;D;A;Z
mike;B;A;C;C;A;A;A;C;B;B
miki;A;B;C;C;B;D;Z;B;A;C
milan;C;A;D;C;D;A;B;C;D;A
milburn;B;D;C;Z;A;B;A;B;A;C
miles;Z;C;A;D;B;Z;B;Z;D;B
milo;C;D;B;B;C;D;B;B;B;C
milos;C;A;Z;A;A;C;Z;A;B;D
milosz;C;B;C;D;Z;D;D;D;A;C
milton;C;B;C;D;D;C;C;B;Z;A
mimi;B;Z;Z;B;C;C;Z;D;B;A
mina;B;B;C;A;D;D;D;C;D;D
minerva;B;Z;D;D;C;C;B;D;A;C
ming;D;B;C;Z;D;C;A;C;A;D
minh;C;C;D;A;C;D;D;A;B;A
minna;B;C;A;C;A;A;B;Z;D;B
minnie;D;C;A;D;B;C;D;B;D;C
miquel;B;D;D;D;B;A;B;C;C;B
mira;C;B;C;B;B;C;B;B;C;D
mirabelle;D;B;B;C;C;A;B;B;A;D
miracle;C;A;D;D;Z;C;A;B;D;C
miranda;A;C;A;B;A;B;A;A;B;A
mircea;C;D;C;A;C;Z;C;C;B;C
mireille;A;B;B;B;C;A;Z;A;B;C
miriam;A;A;A;A;D;D;D;D;C;Z
miroslav;B;C;C;B;D;D;D;A;C;D
mirza;A;B;B;A;Z;D;B;D;C;D
misty;B;C;B;D;B;A;D;A;D;C
mitchell;D;Z;C;D;C;A;B;A;A;A
mithra;C;D;Z;B;Z;A;D;C;D;D
mitsuko;D;C;Z;C;D;C;A;A;C;A
mo;D;Z;A;Z;B;B;C;D;C;A
moa;A;A;C;C;A;Z;C;B;D;B
modeste;D;A;Z;B;C;D;D;A;A;A
mogens;Z;D;A;Z;D;B;D;C;B;B
mohamed;C;B;A;B;B;C;Z;C;D;A
mohammed;B;A;A;A;B;B;A;Z;D;Z
moira;D;C;B;C;A;D;Z;B;Z;A
molly;D;A;Z;C;A;A;A;A;D;C
monday;A;D;B;C;C;B;A;D;A;D
monet;B;B;Z;B;C;C;D;D;D;D
monica;Z;D;B;B;B;Z;C;A;A;B
monika;D;C;D;A;C;Z;C;Z;C;Z
monique;D;D;Z;D;B;A;C;B;D;D
monna;B;B;D;A;D;Z;D;D;C;C
monroe;C;A;D;C;C;D;D;C;D;B
monserrat;B;D;B;D;D;D;D;B;C;C
monta;B;A;A;C;D;D;B;B;D;C
montana;Z;B;C;B;C;Z;B;A;C;A
monte;C;C;Z;C;C;D;Z;D;B;A
montgomery;D;C;A;D;B;D;D;B;D;D
montserrat;B;D;B;A;D;D;D;B;Z;C
monty;Z;C;A;D;Z;B;D;B;A;D
mora;D;Z;C;C;A;B;B;D;C;Z
morag;B;C;D;A;B;A;A;A;D;D
moray;A;D;C;B;D;D;C;A;C;Z
morgan;C;B;B;A;D;A;C;C;B;B
morgana;Z;B;C;A;D;Z;B;A;D;B
morgane;D;A;C;C;D;D;D;A;C;D
moriah;C;D;D;C;C;A;A;Z;C;B
moritz;B;A;B;A;A;D;A;D;B;B
morley;D;B;B;C;A;B;D;A;C;Z
morris;C;D;Z;A;Z;Z;Z;C;C;Z
mort;C;C;B;A;C;A;C;Z;C;D
mortimer;B;C;A;A;D;C;C;A;C;D
morton;D;B;C;B;C;A;B;D;A;C
morty;A;Z;A;B;A;A;D;A;B;B
moses;C;B;C;C;A;B;Z;B;A;D
moshe;A;D;D;B;D;Z;Z;B;A;A
moss;D;A;D;D;C;B;A;A;D;D
mostyn;A;A;Z;B;D;D;B;B;B;A
motel;A;A;C;B;D;D;D;A;D;C
mu;A;C;C;D;A;B;C;A;C;B
muhammed;B;B;A;A;A;C;A;B;D;C
muir;D;B;A;D;D;B;C;C;B;B
mungo;B;A;B;B;D;D;B;C;A;D
munir;B;D;D;A;C;D;B;C;B;Z
murdoch;B;D;B;D;C;D;A;C;B;C
muriel;B;A;Z;C;Z;D;C;A;D;C
murphy;A;D;Z;B;D;C;B;B;A;A
murray;B;C;D;Z;B;B;B;D;A;B
musa;Z;D;B;Z;D;A;D;C;C;A
mustafa;A;C;A;B;D;C;A;Z;D;B
mya;A;B;D;A;D;D;C;D;A;A
myra;C;B;D;D;C;D;C;C;Z;A
myriam;B;A;Z;B;B;B;Z;A;C;B
myron;B;B;B;D;A;C;D;A;C;D
mysie;A;A;A;A;C;C;D;A;A;B
nada;Z;D;A;D;C;B;C;D;A;A
nadejda;D;C;C;B;B;C;A;Z;C;D
nader;D;D;Z;C;B;B;B;D;C;A
nadine;A;C;Z;A;D;C;A;D;B;D
nadir;B;D;D;D;D;D;A;D;D;B
nadja;A;D;A;A;Z;D;Z;C;D;B
nahum;Z;C;B;D;D;D;C;D;D;B
nan;D;B;B;B;A;Z;Z;B;A;A
nana;C;A;D;Z;B;A;Z;D;A;A
nancy;A;C;C;A;D;D;B;A;B;Z
nanda;A;A;Z;D;C;B;C;A;Z;A
nanette;C;B;B;A;C;A;C;D;Z;B
napier;Z;C;C;D;Z;A;Z;C;B;A
napoleon;D;B;B;D;D;D;A;Z;D;D
narcisse;A;B;B;B;C;B;A;D;C;B
nastasia;B;B;A;D;Z;A;B;A;C;B
nat;C;C;C;D;C;B;Z;Z;A;B
natale;D;C;D;D;C;B;A;A;C;A
natalia;C;C;C;B;D;B;D;B;B;C
natalie;A;Z;Z;C;Z;C;A;B;A;A
nathalie;A;Z;C;B;C;A;D;B;B;Z
nathan;B;A;A;A;Z;B;A;B;C;B
nathanael;C;B;A;D;D;D;B;C;C;B
nathaniel;Z;D;D;C;A;B;D;B;D;D
naum;B;Z;C;B;B;B;B;C;B;C
nazaire;C;C;D;A;C;Z;C;C;A;Z
nea;A;D;Z;C;B;C;B;B;D;A
neal;B;C;A;B;C;B;D;B;D;C
ned;D;D;C;B;A;D;C;D;D;A
nefertiti;D;A;A;B;C;D;B;D;D;Z
neil;D;A;Z;D;C;A;D;A;C;Z
nellie;B;A;B;D;A;B;C;D;A;D
nelly;D;C;D;B;D;Z;Z;Z;D;D
nelson;Z;D;C;D;A;D;B;C;D;B
nemesis;D;C;C;C;B;A;B;B;C;B
neptune;A;D;C;D;D;C;B;D;C;A
nesta;D;C;C;C;D;D;D;D;B;B
nestor;C;Z;A;C;Z;Z;D;B;D;A
netta;B;D;Z;D;C;A;D;A;A;Z
neva;D;B;A;B;B;D;A;C;B;D
nevada;D;B;C;A;A;B;D;Z;C;A
neville;B;B;C;A;A;Z;D;A;A;D
newton;C;Z;C;A;B;B;B;D;A;Z
nguyen;Z;D;C;B;B;C;D;D;C;C
nicholas;A;C;C;D;D;C;B;A;A;C
nick;B;Z;D;D;B;A;B;B;D;A
nico;D;A;C;B;C;B;Z;C;B;D
nicodème;D;D;Z;D;B;B;C;Z;B;A
nicol;C;A;C;D;C;D;A;A;C;A
nicolae;D;B;C;A;C;Z;C;C;A;D
nicolaos;D;C;A;A;B;Z;B;A;A;A
nicolas;A;Z;B;A;D;B;A;D;Z;D
nicole;D;A;A;D;A;C;D;D;C;Z
nicolette;C;D;A;D;Z;C;D;A;B;A
nieve;B;C;D;B;D;D;C;A;A;A
nigel;A;B;B;A;A;B;B;A;A;Z
nike;D;B;D;B;C;A;C;C;C;C
nikita;D;A;B;C;C;A;A;C;B;D
niklaus;C;C;D;C;A;C;C;D;B;C
nikola;C;Z;C;B;D;B;C;Z;C;Z
nikolaos;D;A;A;C;B;B;A;A;C;Z
nikolas;B;D;D;A;B;A;A;A;A;B
nikon;C;D;C;C;D;A;Z;D;A;Z
nils;B;A;B;A;B;C;A;D;C;D
nimbus;C;B;C;C;D;A;Z;D;B;B
ninette;B;B;D;B;B;A;C;B;A;D
ning;D;A;B;B;D;C;A;A;B;D
nino;C;C;C;Z;C;A;Z;C;Z;C
ninon;A;A;A;A;D;Z;A;D;Z;D
nir;B;B;B;C;C;D;B;A;B;Z
nirvana;D;A;D;Z;B;B;D;Z;B;C
nita;A;D;C;D;D;D;Z;A;D;A
niven;D;C;Z;D;B;B;D;A;C;A
noa;Z;C;C;B;B;D;D;A;D;A
noach;D;C;A;B;D;A;C;D;D;B
noam;C;D;C;B;D;Z;B;Z;D;Z
noble;D;A;A;B;C;B;A;B;B;A
noé;A;C;A;B;Z;C;B;D;D;B
noel;A;A;Z;A;A;A;A;Z;Z;C
noémie;A;A;C;C;B;A;B;C;C;Z
nolan;D;D;B;B;C;C;B;D;B;A
noll;B;A;B;C;D;A;A;B;Z;A
noor;C;A;B;D;B;B;D;D;A;Z
nora;B;A;B;B;C;C;C;C;B;D
norbert;B;D;D;C;Z;A;Z;D;B;C
norma;C;A;Z;D;D;C;B;B;A;Z
norman;C;C;B;D;B;C;B;C;A;B
normand;B;A;B;A;C;C;C;B;D;B
norris;B;B;C;C;D;D;C;C;B;B
norton;C;D;C;B;A;D;A;D;A;A
norwood;C;A;C;D;C;C;D;B;B;D
nova;D;D;A;D;A;B;A;C;C;B
novia;D;A;D;A;D;A;A;A;D;C
novio;C;D;D;Z;C;D;Z;C;B;C
nuala;B;C;Z;D;C;B;A;B;C;A
nunzia;D;B;A;B;A;B;B;Z;D;A
nur;D;C;A;D;Z;D;A;D;A;B
nye;Z;C;C;C;D;B;D;A;D;B
oberon;B;Z;D;D;Z;C;C;D;D;Z
obi;C;A;A;C;D;B;A;C;D;B
ocean;D;A;B;A;A;Z;A;C;D;B
océane;D;B;A;B;B;Z;B;A;B;D
octavio;A;A;B;B;D;A;Z;B;A;A
odessa;C;B;C;D;Z;A;C;B;A;D
odette;C;C;D;D;A;A;D;D;D;A
odile;D;A;A;A;D;Z;C;B;Z;C
odilon;D;D;D;D;B;C;D;D;B;B
odin;C;A;Z;C;C;B;C;A;A;Z
ola;C;D;C;A;B;D;C;D;C;B
olaf;Z;C;D;C;B;A;B;A;D;B
ole;D;C;B;A;D;C;Z;A;C;A
olga;C;A;B;Z;B;Z;C;Z;B;Z
olimpia;C;C;D;D;C;B;A;B;B;Z
olive;C;A;B;B;D;D;A;C;A;B
oliver;D;B;C;C;D;C;A;A;B;A
olivette;D;A;Z;C;B;B;B;D;Z;D
olivia;B;Z;Z;Z;Z;C;A;D;C;C
olivier;A;C;D;Z;C;Z;Z;D;B;C
olympe;C;C;A;D;C;B;B;B;A;D
olympia;A;A;C;D;D;D;B;C;A;A
om;Z;A;A;B;A;C;B;B;D;C
omar;B;C;B;Z;C;A;Z;C;D;D
omega;C;D;C;A;C;B;C;Z;Z;A
ona;B;C;D;D;B;B;A;D;D;A
oni;A;D;C;B;B;Z;B;B;D;D
opal;D;D;D;C;A;A;C;C;B;Z
opaline;A;D;D;C;C;B;D;B;Z;A
ophelia;Z;A;A;D;C;A;A;D;B;Z
ora;C;A;D;B;Z;D;C;A;D;A
oral;B;D;A;B;C;A;A;C;C;Z
oran;B;Z;A;B;B;D;C;B;C;B
orazio;D;Z;Z;Z;C;A;B;Z;A;D
orestes;B;C;D;D;B;C;C;Z;D;A
orfeo;D;C;C;D;D;Z;A;C;A;C
oriane;B;C;D;B;Z;B;A;Z;D;D
orion;C;C;C;B;D;Z;A;D;B;C
orlando;D;B;A;Z;D;B;C;D;D;D
orly;Z;B;C;D;C;B;C;D;B;C
ormonde;B;C;B;B;B;B;D;B;Z;A
orna;A;A;B;B;A;A;B;D;B;A
orsino;D;D;A;B;C;Z;C;A;Z;B
orson;B;D;A;A;A;D;A;D;A;Z
orval;D;C;Z;A;D;B;B;C;C;C
orville;D;D;C;B;D;D;D;C;B;D
osborn;D;C;C;A;B;D;B;D;B;D
osborne;Z;B;A;Z;D;Z;Z;C;C;A
oscar;C;A;B;Z;D;C;C;C;A;D
osiris;B;A;B;D;A;A;B;C;B;C
oskar;Z;B;D;Z;D;B;D;C;B;A
osman;C;A;C;C;B;A;C;D;A;B
osmond;D;A;C;C;C;D;C;D;A;C
ossia;D;C;D;B;Z;A;B;B;Z;A
ossian;D;Z;B;B;B;Z;A;C;B;A
osvaldo;C;B;C;D;C;D;D;C;A;C
oswald;C;C;D;C;C;A;D;A;C;B
othello;B;B;D;B;C;D;Z;B;A;C
otis;Z;C;C;D;B;Z;A;B;A;D
ottavio;B;A;A;C;A;A;D;Z;A;A
otto;B;C;C;D;A;D;C;B;B;B
ottokar;D;B;B;D;C;C;D;C;B;A
ouida;A;D;B;B;B;B;C;A;D;A
ourania;D;B;Z;B;Z;Z;D;Z;A;D
ouranos;B;A;D;B;A;B;C;Z;A;Z
ove;D;D;B;B;C;D;B;D;D;D
pablo;C;Z;B;Z;B;C;C;B;C;A
pace;Z;C;C;C;D;D;C;A;B;B
paco;B;B;C;A;A;C;A;D;A;C
paddy;Z;C;Z;B;B;D;C;Z;A;A
page;C;C;A;Z;D;C;C;A;A;A
paget;D;A;B;B;D;B;C;C;C;Z
paige;D;C;A;D;D;A;C;C;D;A
paki;C;A;B;D;D;D;D;D;D;D
pallas;B;D;A;D;B;A;Z;Z;D;D
palmer;D;C;B;B;D;D;Z;A;D;D
palmiro;B;A;Z;B;D;B;D;C;C;Z
paloma;C;C;B;Z;D;D;D;B;B;C
pam;Z;Z;A;Z;D;A;D;C;D;D
pamela;B;D;D;A;C;D;D;B;B;D
pancho;A;B;D;A;A;B;A;A;A;B
pancras;Z;B;C;C;A;B;C;C;C;C
panda;D;B;C;C;B;A;D;B;D;A
pandora;D;D;D;C;Z;C;D;A;D;B
pantaleone;D;A;B;B;D;B;A;C;Z;C
panther;A;C;B;B;C;C;D;A;C;B
paola;B;C;A;A;D;B;C;A;C;D
paolo;D;B;B;D;B;D;D;A;C;D
paris;B;D;D;C;D;B;A;D;B;D
parker;B;Z;Z;Z;B;C;A;A;C;C
parry;D;C;C;Z;B;D;A;D;D;Z
parsifal;B;A;A;A;A;B;A;C;D;D
parvati;Z;C;Z;B;B;D;C;C;D;C
pascal;D;D;A;D;C;B;D;A;A;D
pascale;Z;B;B;Z;Z;B;D;B;C;C
pascaline;C;C;C;A;B;B;D;B;B;D
paschal;A;B;A;C;D;D;C;Z;C;D
pasco;A;B;D;C;B;C;A;C;B;C
pascual;Z;C;Z;B;A;D;B;C;C;Z
pasquale;B;A;B;B;D;D;A;D;A;C
pat;D;A;D;A;A;C;D;D;D;A
patience;D;C;C;A;A;B;A;B;B;A
patrice;D;A;A;C;B;D;B;B;B;Z
patricia;A;B;Z;A;D;B;C;Z;A;Z
patricio;D;C;A;B;D;C;A;B;B;C
patrick;D;B;A;C;A;C;C;A;B;C
patti;A;A;A;C;A;C;B;B;A;D
pattie;A;D;C;D;B;A;D;D;A;A
patton;A;A;B;B;A;A;B;B;B;D
patty;A;A;C;Z;C;B;A;A;B;C
pau;B;A;C;D;D;D;A;Z;A;B
paul;Z;C;D;A;Z;Z;C;Z;A;D
paula;A;B;B;D;A;C;A;D;A;C
paule;B;Z;D;B;A;B;D;B;D;B
paulette;Z;D;B;A;C;Z;B;D;Z;B
pauli;B;D;B;B;D;D;A;D;Z;D
pauline;A;A;C;C;Z;A;B;B;D;A
paulo;C;C;D;D;A;D;D;Z;A;A
pavel;A;B;C;Z;C;Z;A;D;B;A
pax;D;Z;C;A;B;Z;A;B;D;Z
peace;D;A;C;D;Z;B;D;B;A;D
pearce;A;Z;C;A;Z;B;D;D;B;D
pearl;D;C;D;B;C;C;A;C;B;D
pedro;A;D;A;Z;D;B;A;D;C;Z
peg;D;D;Z;A;Z;A;D;A;A;A
peggy;A;A;C;B;A;D;B;B;B;C
pellegrino;C;D;A;B;D;Z;B;D;C;A
pen;C;C;B;D;Z;A;A;B;D;Z
pénélope;C;B;D;A;B;D;C;B;B;A
penny;B;Z;C;Z;Z;A;C;B;B;D
pepe;D;D;Z;D;Z;A;D;C;D;B
pepita;B;D;C;D;A;B;D;Z;A;D
peppi;Z;C;A;A;C;D;A;C;C;C
per;D;C;A;D;A;B;A;B;A;C
perce;B;C;D;B;D;A;B;C;Z;A
perceval;Z;B;C;A;D;A;C;B;D;B
percival;Z;Z;D;A;B;C;C;Z;A;A
percy;D;Z;D;B;Z;A;D;D;D;B
pere;B;A;Z;B;Z;A;C;B;C;Z
peregrine;D;D;C;C;A;D;B;C;C;A
pericles;B;C;A;C;B;C;A;D;A;C
perla;D;B;B;B;D;B;Z;D;D;C
perle;D;D;D;B;C;B;B;D;D;B
pero;A;A;B;D;D;D;C;B;B;B
perpetua;A;A;A;D;C;A;C;B;A;D
perrine;Z;B;C;A;C;B;A;A;C;Z
perry;D;B;A;A;D;A;B;D;A;Z
perseus;C;D;C;D;B;A;B;C;A;Z
petar;B;B;D;Z;B;A;B;C;A;B
pete;Z;A;A;C;B;C;C;Z;B;C
péter;B;B;B;C;C;C;B;A;C;D
peter;D;C;D;B;Z;B;C;A;D;D
petia;A;C;D;Z;B;D;D;B;C;B
petra;C;B;A;A;C;Z;D;A;C;D
petre;Z;Z;C;A;Z;B;A;B;A;A
petri;D;B;B;Z;D;Z;C;A;Z;B
petro;D;B;B;D;A;B;A;A;B;D
petros;A;A;B;D;B;B;Z;C;A;D
peyton;B;B;B;B;D;C;D;Z;Z;B
pharamond;C;C;C;D;A;A;D;A;A;A
phil;C;Z;B;B;B;A;A;A;D;C
philadelphia;C;A;B;B;Z;C;C;B;A;C
philibert;B;C;C;A;B;C;B;B;C;D
philip;A;C;B;Z;C;Z;C;C;Z;C
philipp;C;C;A;C;A;A;Z;C;A;Z
philippe;D;C;B;C;B;B;C;C;C;Z
philippine;B;B;A;C;A;D;B;Z;A;D
philo;D;Z;B;C;A;A;C;D;A;A
philon;C;D;B;D;B;A;B;D;Z;Z
phoebus;A;A;C;Z;A;B;D;B;B;Z
phoenix;D;A;B;A;D;A;D;D;D;A
photine;A;C;D;D;A;D;Z;A;A;A
phyllis;B;B;C;B;D;B;Z;C;D;A
pia;B;D;Z;C;A;B;C;B;B;B
pierce;C;B;D;D;A;B;Z;A;A;B
piero;C;A;C;C;C;C;A;A;A;C
pierre;A;B;D;D;A;Z;D;A;C;Z
piers;A;A;B;D;D;B;D;Z;D;D
piet;D;A;Z;A;D;B;C;C;C;D
pieter;A;C;A;A;A;C;Z;C;D;A
pietro;C;D;D;C;C;C;D;C;B;D
pilar;C;C;Z;A;B;B;D;Z;A;B
ping;D;B;A;A;A;B;B;C;D;C
pino;A;C;A;A;B;C;A;B;A;D
piotr;B;A;A;Z;B;A;C;D;C;C
pip;A;D;Z;A;C;B;B;B;D;B
piper;A;A;C;B;B;A;C;A;D;B
piri;A;A;C;B;C;B;Z;D;A;C
pista;A;Z;C;A;D;D;C;D;C;C
placid;B;B;D;C;C;C;C;B;C;A
placide;A;A;Z;A;D;Z;A;A;A;C
placido;A;C;D;A;D;Z;Z;B;Z;A
platon;D;B;C;C;D;C;Z;B;D;C
pluto;A;C;D;C;B;A;D;A;Z;D
pollux;A;C;B;D;D;B;B;C;C;C
polly;A;B;B;B;A;Z;B;Z;C;Z
pons;C;A;B;Z;Z;Z;B;D;B;D
poppy;A;Z;A;Z;Z;C;B;B;A;Z
porfirio;B;B;B;B;Z;B;A;B;C;A
porsche;Z;Z;C;C;B;B;Z;D;B;Z
porter;Z;B;B;Z;D;B;A;B;C;C
portia;A;B;C;C;A;B;A;C;C;C
poseidon;D;A;A;C;D;A;C;D;D;A
poul;B;C;D;B;C;Z;B;Z;Z;A
praxis;D;A;C;D;B;C;B;D;B;B
preston;B;Z;C;Z;A;C;C;B;D;C
priam;A;Z;C;D;C;D;A;B;C;B
price;A;D;B;D;D;A;D;Z;A;A
primo;B;C;B;B;A;D;B;A;B;A
primula;A;A;D;D;A;D;D;C;D;B
prince;B;D;D;B;C;C;D;C;C;B
princess;Z;C;B;B;D;B;B;A;Z;A
pris;C;C;C;D;D;Z;Z;D;B;D
priscilla;Z;Z;D;Z;A;D;C;B;C;Z
proserpine;C;A;C;C;C;B;B;A;A;A
prosper;B;B;A;Z;C;B;C;C;C;B
prospero;B;D;D;A;B;C;D;D;B;B
proteus;Z;D;Z;B;Z;A;D;A;D;D
prudence;C;B;A;Z;D;A;B;D;A;D
pryce;B;A;Z;A;A;B;A;A;A;D
ptah;B;C;C;A;B;B;Z;B;D;A
publius;B;C;C;C;D;C;Z;B;C;C
purdie;A;C;B;A;D;C;D;A;C;B
pyrrhus;Z;A;A;C;D;Z;B;D;D;B
qasim;A;C;B;A;C;C;D;B;A;C
qing;C;A;Z;Z;B;Z;Z;B;Z;Z
quan;A;C;A;A;Z;B;A;C;Z;C
queen;B;Z;D;Z;B;C;D;D;C;C
quentin;C;B;B;A;B;C;B;C;C;A
quetzalcoatl;C;C;Z;B;B;A;D;A;D;C
quincey;Z;D;Z;A;D;C;A;A;C;D
quincy;C;A;A;A;C;C;A;D;B;Z
quintus;Z;A;C;B;D;D;C;C;C;B
quique;A;A;C;D;B;A;D;D;C;D
quirinus;C;B;D;C;C;B;D;C;C;A
ra;C;A;C;A;A;A;D;C;D;D
rab;C;Z;C;C;D;D;D;D;D;C
rachel;A;D;A;B;C;A;D;D;A;D
rachele;D;A;D;Z;C;D;D;C;B;Z
rada;A;C;D;C;B;C;D;B;C;C
radcliff;A;C;A;A;B;B;A;A;C;A
radclyffe;B;D;A;A;B;A;C;D;D;Z
radu;B;C;D;C;C;B;A;A;B;C
rae;C;D;C;D;C;C;A;D;Z;Z
rafal;D;D;A;Z;D;A;B;D;D;D
raffaello;C;D;D;C;C;A;B;B;D;D
ragnar;B;A;A;C;B;A;B;C;A;A
rahab;C;B;A;C;A;C;A;B;B;Z
rahat;C;B;B;D;A;B;B;C;C;C
rahim;D;C;C;C;D;B;Z;A;D;B
raimondo;C;B;A;D;C;Z;C;A;Z;C
rain;D;C;Z;Z;D;B;D;B;B;A
raine;A;B;A;Z;B;Z;D;D;Z;C
rainer;B;A;C;Z;Z;B;B;C;B;Z
rainier;D;C;B;B;B;D;B;C;D;Z
raja;A;B;B;Z;A;A;D;A;D;D
raleigh;C;A;C;A;B;C;D;C;D;D
ralf;C;B;D;B;C;B;C;B;D;Z
ralph;A;C;D;C;B;C;B;D;D;C
ram;B;D;A;Z;D;A;C;D;C;C
rama;A;D;D;C;C;C;D;B;A;B
ramakrishna;C;C;D;D;C;D;A;C;D;C
ramon;C;A;B;C;Z;D;B;D;A;Z
ramona;B;C;Z;B;D;A;D;D;D;A
ramsay;D;A;A;A;C;A;B;C;Z;C
ramses;D;Z;C;Z;A;D;A;C;D;C
ramsey;C;A;C;C;A;B;C;C;D;B
ran;D;B;Z;C;D;D;D;A;C;A
rana;D;B;C;C;B;B;D;B;A;C
randal;D;B;Z;B;D;D;B;C;Z;D
randall;D;C;A;A;A;B;Z;Z;C;D
randolph;B;D;C;C;A;D;C;A;A;B
randy;B;C;B;D;A;A;D;B;D;B
rani;C;B;A;B;B;B;D;B;C;A
raoul;A;B;A;A;A;C;B;D;D;D
raphaël;D;C;B;C;Z;C;B;D;B;B
raquel;C;Z;A;B;C;D;Z;D;A;C
ratan;D;C;A;D;A;B;C;C;A;C
raven;D;A;C;C;B;A;A;A;B;C
ravi;D;A;B;Z;C;A;C;C;C;A
ray;C;A;Z;Z;A;B;Z;C;D;D
raya;A;C;A;Z;Z;A;C;D;A;C
raymond;A;B;B;A;D;B;B;C;A;B
raymonde;C;B;B;D;D;C;Z;C;D;D
rayner;C;C;D;C;D;B;D;A;D;A
re;D;C;C;C;B;B;D;B;D;B
read;A;Z;B;A;D;C;C;B;B;A
reagan;Z;C;A;A;D;C;Z;A;B;Z
rébecca;B;D;B;B;D;D;A;A;B;D
red;D;A;D;C;Z;A;C;Z;D;D
reed;D;A;D;C;C;B;Z;A;A;D
rees;A;D;B;C;Z;B;C;B;B;B
reg;D;A;C;D;A;Z;Z;B;C;C
regina;D;A;B;A;B;D;B;A;B;B
reginald;Z;Z;D;C;C;A;Z;A;D;Z
régine;D;D;A;D;C;Z;D;D;C;B
régis;B;C;D;C;A;A;B;C;Z;C
rei;D;A;C;B;B;D;B;A;B;B
reid;B;B;A;C;D;B;D;B;B;A
rein;C;C;A;C;A;Z;C;A;D;C
reinaldo;B;C;D;C;D;D;C;C;C;D
reine;C;B;Z;B;Z;Z;D;A;B;A
reinhard;Z;C;D;C;C;C;B;B;B;A
rembrandt;Z;C;C;C;Z;C;A;Z;C;B
remedios;D;B;D;B;D;Z;A;A;B;A
rémi;C;D;C;D;D;D;B;C;B;A
remo;D;Z;D;A;D;D;D;C;A;D
remus;C;B;Z;C;D;C;Z;D;A;C
rémy;C;D;C;C;B;Z;C;B;C;A
ren;A;D;B;D;D;C;C;Z;C;C
renard;D;Z;C;D;Z;C;Z;B;A;A
renata;D;A;B;C;B;B;C;C;C;B
renate;C;A;A;B;D;B;A;A;D;Z
renaud;B;C;A;A;B;D;C;D;C;B
rené;Z;Z;C;A;A;A;A;D;D;D
renée;B;A;D;B;D;A;D;A;D;Z
renie;A;B;D;D;Z;A;B;D;D;C
reuben;A;A;A;A;D;B;A;A;B;C
rex;D;B;D;B;A;A;B;C;B;Z
reynaldo;D;B;C;B;B;B;A;B;B;Z
reynard;A;D;D;D;C;B;A;C;D;C
reynaud;A;D;D;C;C;C;D;B;B;D
rhett;D;B;C;B;A;B;D;D;C;D
rhonda;Z;D;B;C;A;B;D;D;B;D
ria;D;D;A;D;B;Z;B;B;B;C
rica;Z;C;A;Z;B;D;C;Z;A;A
ricarda;A;B;A;D;B;D;A;C;A;Z
ricardo;D;Z;B;D;C;C;C;A;D;C
riccardo;B;A;A;A;B;C;D;B;B;C
rich;B;B;A;D;A;C;A;C;A;D
richard;B;A;Z;B;A;B;D;A;C;B
ricky;A;B;A;D;Z;B;B;A;C;B
rico;A;B;C;D;A;C;B;A;A;B
ridley;Z;B;B;B;A;Z;C;A;Z;D
rik;B;Z;D;Z;C;A;A;D;A;A
riley;C;B;C;C;C;Z;A;C;Z;D
rina;C;C;Z;D;B;C;B;Z;A;Z
rio;Z;D;C;B;C;A;D;B;C;D
rita;D;C;Z;Z;B;C;B;D;C;Z
ritchie;A;A;B;Z;D;D;D;B;B;A
river;C;A;B;A;D;Z;C;B;Z;B
rob;D;A;B;D;C;D;B;D;C;B
robert;B;D;Z;A;D;D;B;C;D;C
roberto;Z;A;A;C;D;C;B;B;C;C
robin;C;C;A;D;B;D;C;C;B;B
roc;C;D;C;D;A;D;A;A;D;D
rocco;C;Z;B;Z;Z;B;D;D;B;C
roch;B;Z;B;B;Z;B;D;D;C;B
rochelle;A;B;B;Z;C;C;D;D;D;C
rocky;D;B;B;D;A;Z;Z;B;B;C
rod;A;Z;Z;C;B;C;B;Z;C;B
roderick;D;D;B;C;Z;C;B;C;D;Z
rodney;A;A;C;D;Z;A;Z;A;D;A
rodolfo;C;B;D;D;A;B;A;C;C;A
rodolphe;B;A;A;D;Z;D;D;C;D;D
rodrigo;C;B;C;Z;A;C;Z;A;B;D
rodrigue;A;Z;B;D;Z;C;A;B;B;C
roger;C;A;B;B;D;B;A;C;B;B
rolan;Z;B;B;Z;D;C;B;Z;D;A
roland;B;C;B;C;Z;D;Z;A;A;B
rolande;A;C;C;D;B;Z;C;A;B;C
rolando;A;B;Z;C;Z;C;A;D;A;C
rolf;D;Z;D;A;D;B;A;C;A;C
rolland;A;D;Z;A;D;D;D;B;C;C
rollo;C;Z;B;D;D;D;D;D;C;B
rolph;C;B;D;B;Z;A;Z;B;B;C
roma;C;A;D;A;D;A;B;C;A;C
romain;B;D;C;D;Z;A;A;C;B;Z
romaine;C;A;D;D;C;D;D;C;D;C
roman;D;B;D;C;D;C;A;D;D;D
romana;C;D;A;Z;D;D;B;Z;Z;A
romane;B;B;D;D;C;D;C;A;Z;Z
romano;D;B;A;C;B;Z;C;A;B;B
romeo;B;C;D;D;C;Z;B;A;D;A
romulus;A;A;D;D;Z;C;B;Z;D;C
romy;D;D;A;A;A;C;D;C;B;A
ronald;C;D;Z;B;D;B;C;A;D;B
ronda;D;A;A;C;A;B;D;A;B;C
ronnie;B;B;B;A;D;A;A;A;D;A
roosevelt;C;A;A;B;C;B;A;D;D;B
roque;Z;B;C;Z;D;Z;Z;B;C;B
rosa;A;Z;C;B;C;Z;C;A;C;Z
rosalba;D;B;D;C;C;C;Z;B;D;Z
rosalia;D;C;D;Z;B;D;A;B;C;C
rosalie;C;C;B;Z;D;C;D;C;D;D
rosalind;B;D;B;B;A;D;D;Z;Z;B
rosamond;C;B;B;A;B;Z;D;A;Z;D
rosamund;B;B;B;B;A;A;C;B;A;A
rosario;D;B;C;A;D;A;A;D;A;B
roscoe;C;C;D;C;C;D;B;C;C;A
rose;C;C;A;B;B;A;D;D;A;A
rosemonde;B;Z;B;C;C;C;A;A;C;B
rosette;C;B;Z;B;B;B;B;D;C;D
rosie;D;A;B;B;D;C;B;D;B;C
rosine;A;B;B;A;C;A;A;C;C;A
rosita;C;C;B;D;C;B;C;A;D;A
ross;A;B;A;C;A;C;B;D;D;Z
rosy;A;C;C;D;A;D;D;D;C;C
rowan;A;C;Z;Z;Z;D;B;C;B;C
rowland;C;A;Z;D;A;C;A;B;B;A
rowley;Z;B;D;B;C;B;D;D;B;D
roxane;B;B;Z;C;A;C;B;A;Z;B
roxy;C;A;Z;A;A;A;A;A;A;A
roy;D;D;C;D;C;B;C;Z;A;B
royal;B;A;A;D;C;B;Z;C;D;D
royale;Z;D;B;A;B;C;C;C;A;B
royce;C;B;C;A;D;B;A;A;C;C
roze;A;B;A;B;A;C;A;A;C;B
ru;D;A;D;C;D;D;A;A;A;Z
ruben;D;D;C;C;C;B;C;A;C;B
ruby;A;B;D;C;B;B;C;C;D;C
rudi;D;D;B;C;Z;B;D;D;D;Z
rudolf;C;D;C;B;A;Z;B;A;B;C
rudolph;D;A;B;B;C;A;D;Z;B;B
rudy;D;D;D;B;D;B;B;C;D;B
rudyard;B;B;C;C;Z;A;Z;Z;D;C
rue;B;C;D;D;A;A;A;Z;B;Z
rufino;A;C;B;B;D;D;B;C;D;C
rufus;C;B;D;B;A;Z;A;Z;B;C
ruggero;C;C;D;D;A;B;A;B;B;C
ruggiero;D;C;D;Z;A;D;A;D;C;C
rui;B;B;Z;C;Z;B;D;B;D;A
runa;D;C;B;D;B;D;D;C;A;D
rupert;C;A;C;B;D;D;B;C;B;A
rurik;A;C;D;C;Z;A;B;B;D;A
russ;C;B;A;A;C;A;Z;C;B;D
russel;A;C;B;B;D;A;A;A;Z;Z
russell;C;B;C;A;C;D;D;B;Z;B
rut;B;C;A;D;B;D;B;B;A;C
ruth;B;B;Z;D;B;D;A;Z;C;Z
ruy;D;C;D;C;C;Z;Z;C;C;D
ryan;D;C;D;A;C;A;A;C;A;B
sabina;B;B;A;D;A;D;C;D;A;C
sabine;C;B;Z;B;B;D;C;Z;C;A
sabino;B;C;A;A;B;A;A;A;D;C
sacha;C;B;A;B;B;A;B;C;D;C
sage;Z;B;B;C;C;B;C;B;D;C
sal;B;C;D;Z;D;Z;Z;D;C;B
salah;C;B;D;C;C;C;C;A;A;C
salamon;C;D;D;Z;Z;D;C;Z;D;B
salima;C;D;A;B;B;B;A;D;Z;D
sally;C;A;B;Z;C;A;Z;B;C;D
salma;Z;Z;B;A;A;A;D;B;C;B
salomé;B;Z;A;D;C;A;D;C;A;C
salomon;A;A;C;C;A;Z;D;A;A;Z
salud;Z;D;C;D;D;D;D;A;D;A
salut;C;B;B;C;B;B;A;A;D;B
salvador;B;D;C;B;B;D;A;A;D;B
salvatore;B;D;D;A;B;C;D;A;A;A
sam;D;A;B;B;D;B;C;B;Z;D
sami;Z;A;A;B;A;C;D;D;B;Z
samir;A;B;A;D;D;C;C;A;B;C
sammy;C;D;A;C;D;Z;D;B;B;A
samson;B;C;C;C;C;D;D;D;B;Z
samu;C;B;Z;B;A;A;B;A;C;C
samuel;Z;A;A;B;D;Z;D;B;Z;C
san;D;A;D;C;C;Z;B;C;A;B
sana;Z;A;Z;B;A;D;A;C;A;A
sancho;A;D;C;C;Z;B;B;C;Z;D
sanda;A;A;B;C;B;D;C;C;D;A
sandford;Z;D;A;A;D;B;D;C;B;B
sandra;C;B;B;D;D;A;A;C;C;A
sandrine;A;A;B;C;A;B;A;B;C;D
sandro;A;C;B;B;C;A;D;D;D;A
sandy;B;C;A;C;B;D;C;D;Z;B
sans;C;B;B;A;D;C;C;Z;D;D
sansone;C;D;A;C;C;B;D;D;Z;C
santa;Z;B;C;B;D;B;B;A;Z;B
santiago;B;Z;B;B;B;C;D;A;C;D
santo;A;C;A;B;C;B;C;C;B;A
santos;C;A;A;C;C;C;B;C;D;B
santuzza;B;A;B;A;Z;D;Z;B;D;A
sappho;Z;C;A;C;C;A;D;Z;D;B
sara;C;Z;C;A;D;A;B;B;A;Z
sarah;B;C;A;C;B;B;C;D;A;C
sari;D;B;B;B;C;D;B;A;C;Z
saskia;B;D;C;A;Z;Z;B;C;B;C
saul;B;A;D;C;B;A;A;A;Z;D
saule;B;C;D;C;C;Z;B;B;A;B
savannah;B;D;B;D;D;B;A;B;D;B
saverio;Z;D;A;C;C;A;C;A;B;A
sawyer;D;A;B;D;A;D;B;B;D;D
saxon;Z;A;D;Z;C;A;A;D;A;B
scarlet;A;D;A;C;D;A;B;Z;B;B
scarlett;C;D;C;D;Z;A;B;B;D;A
scevola;B;D;B;C;A;B;C;Z;C;A
scheherazade;A;B;B;B;B;D;A;A;C;C
scot;D;A;A;A;A;Z;Z;D;B;C
scott;C;B;A;A;A;C;C;Z;C;B
scout;Z;A;C;A;A;C;Z;B;Z;A
sebastian;Z;D;C;A;A;Z;A;A;Z;B
sebastiano;D;C;A;A;B;A;B;C;A;D
sébastien;C;A;C;D;B;B;A;D;A;A
sébastienne;D;A;Z;D;B;B;C;A;D;Z
sela;B;C;C;B;B;Z;C;C;B;B
selby;B;B;D;B;D;C;A;D;Z;B
selim;D;C;B;D;D;D;D;A;A;A
selma;C;B;C;Z;B;B;D;C;Z;A
sens;Z;D;B;D;A;C;C;D;Z;C
septimus;C;A;D;A;D;A;B;D;A;D
sequoia;C;B;D;B;D;A;Z;A;A;B
sera;D;C;A;Z;A;B;B;C;D;D
serge;B;B;D;Z;D;A;D;B;A;D
sergio;Z;D;Z;A;C;D;C;B;A;B
sergius;C;C;C;Z;Z;B;C;B;A;B
servius;B;B;B;B;D;B;D;A;Z;A
set;A;D;B;B;D;C;C;D;C;Z
séverin;D;B;A;D;D;C;D;B;B;D
severina;B;A;C;A;B;B;B;B;C;C
severino;B;C;C;B;B;C;A;C;C;D
seward;D;B;C;C;D;Z;B;Z;Z;Z
sextus;D;A;Z;A;D;D;A;D;A;C
seymour;B;A;B;D;D;C;D;B;C;C
shalom;C;C;B;A;A;D;A;Z;Z;D
shan;D;C;B;B;A;Z;C;D;A;D
shane;D;A;Z;C;C;B;Z;A;D;B
shankar;A;Z;C;B;D;D;Z;A;A;C
shannon;D;D;A;A;D;Z;D;B;A;C
sharif;B;Z;A;C;C;A;A;C;B;A
shashi;C;D;B;A;C;D;C;B;B;A
shaw;Z;A;C;C;D;A;C;D;D;A
sheila;C;C;Z;C;Z;Z;D;C;C;Z
sheldon;B;A;A;A;D;C;D;D;A;D
shell;A;D;D;C;Z;A;D;Z;D;D
shelley;D;C;A;C;B;D;A;D;Z;B
shelly;B;C;A;A;B;Z;D;Z;Z;Z
sheridan;A;C;C;C;B;A;B;A;A;B
sherlock;A;D;A;B;C;C;D;C;A;A
sherman;B;Z;C;D;D;B;C;D;D;B
sherry;D;C;A;C;D;D;A;Z;D;C
shin;D;B;D;C;A;B;A;D;B;C
shir;C;D;C;A;C;A;C;B;A;Z
shira;D;A;C;A;Z;A;D;Z;C;A
shirley;Z;A;C;B;B;C;C;Z;D;B
shiva;C;C;D;Z;D;C;D;C;Z;D
sho;C;Z;C;D;B;A;D;D;Z;B
shui;C;B;B;A;D;D;C;A;B;D
sibylla;C;D;B;C;B;D;B;D;D;A
sibylle;Z;C;D;Z;Z;B;C;B;A;A
sid;C;C;C;Z;A;Z;D;B;A;B
siddharta;D;C;Z;B;Z;A;D;Z;D;C
sidney;B;D;D;D;B;C;D;B;Z;D
sidonie;B;C;A;D;Z;A;D;C;D;Z
siegfried;D;D;Z;C;C;B;Z;A;D;D
siegmund;B;A;A;C;A;A;Z;D;A;D
siena;B;C;C;C;Z;D;C;D;B;C
sierra;A;B;A;B;D;D;A;D;B;C
sigismund;D;D;C;A;D;C;B;Z;C;D
sigmund;D;C;C;D;Z;A;C;A;C;A
signe;B;C;D;B;D;A;B;B;Z;B
sigrid;C;C;D;A;Z;D;C;A;A;B
sigurd;C;D;B;D;A;Z;Z;Z;Z;A
sigvard;D;Z;B;A;C;A;B;B;C;Z
silas;A;D;D;C;D;B;D;B;D;B
silvana;A;D;B;D;D;C;C;A;D;A
silvano;D;C;A;D;D;D;D;C;Z;B
silvanus;C;C;C;A;B;A;Z;A;C;D
silver;B;C;B;A;C;C;B;D;B;D
silvestre;D;C;B;C;A;D;A;D;B;B
silvestro;Z;B;B;B;Z;A;Z;Z;C;D
silvia;C;Z;Z;A;D;A;A;D;B;A
silvio;B;A;B;A;C;C;B;D;B;Z
simba;C;D;D;A;B;D;D;C;D;A
simon;Z;A;A;D;Z;A;D;B;B;A
simona;A;A;D;B;D;A;Z;B;A;D
simonetta;B;D;D;Z;A;C;D;D;B;B
sinclair;C;Z;Z;A;D;A;C;A;C;D
sini;D;D;B;D;B;C;A;C;C;A
siri;B;A;A;Z;A;D;A;D;B;C
sirius;A;B;C;B;D;Z;B;Z;B;D
sita;D;B;A;C;C;A;D;B;B;D
siv;C;B;C;D;B;A;B;A;C;B
sive;D;D;A;C;C;A;C;A;D;Z
sky;A;A;C;Z;A;B;C;A;A;C
skye;D;B;C;C;D;A;D;C;Z;Z
sloan;B;D;A;C;C;D;B;D;C;B
sloane;D;C;C;A;Z;C;B;D;C;B
sofia;B;D;A;D;A;C;D;A;C;B
solange;D;Z;A;A;C;D;B;B;C;Z
soledad;A;D;B;B;D;Z;B;B;D;C
solon;D;C;B;D;D;A;C;D;C;D
sommer;A;D;B;Z;D;B;B;B;C;A
sonia;C;D;D;C;C;C;A;B;D;B
sonja;D;A;C;D;B;D;D;B;C;C
sonny;C;C;C;C;D;A;D;Z;A;C
sophia;C;B;Z;Z;C;Z;Z;B;B;C
sophie;D;B;C;B;B;D;D;Z;B;C
sophus;C;A;D;D;A;B;A;D;D;D
sostrate;B;B;A;D;D;B;B;B;Z;A
spartacus;A;C;C;B;B;C;Z;D;B;B
spencer;B;Z;C;B;D;Z;A;B;B;B
spike;D;A;A;A;B;D;Z;B;Z;D
spiridon;A;D;C;A;A;D;A;A;D;C
spiro;A;D;B;D;C;B;C;D;C;C
spring;A;D;Z;C;B;D;A;B;A;Z
sri;A;Z;D;A;C;C;Z;Z;C;B
stafford;B;D;A;A;C;D;C;D;D;B
stamatis;C;D;D;D;A;D;B;B;B;A
stan;C;B;B;A;D;D;Z;B;B;D
stanford;B;B;B;A;D;A;D;C;C;A
stanislas;D;C;Z;B;Z;Z;Z;C;C;Z
stanislawa;D;C;A;D;D;B;B;A;B;A
stanley;D;C;D;D;B;B;A;D;D;A
star;A;B;D;B;C;A;C;C;A;B
stavros;C;A;D;D;D;D;C;D;D;B
stefan;C;Z;B;A;Z;C;D;C;C;A
stefano;C;B;Z;A;A;B;D;B;C;C
steffan;C;Z;C;B;A;C;A;A;B;Z
steffen;D;B;A;Z;B;D;A;B;B;D
stein;C;C;D;D;B;D;B;C;C;D
stella;D;D;B;D;D;D;D;B;B;D
sten;D;D;Z;A;Z;Z;C;B;B;B
stepan;B;D;C;C;Z;D;A;C;Z;B
steph;Z;D;B;D;C;C;B;D;A;D
stephan;D;A;D;B;C;B;B;A;B;Z
stéphane;D;A;D;D;B;D;A;B;Z;Z
stéphanie;A;D;Z;C;Z;A;B;B;A;D
stephanos;B;Z;C;A;C;A;A;C;C;C
stephen;C;B;B;A;C;D;Z;C;A;D
sterling;C;A;Z;A;A;B;B;C;D;D
steve;C;C;A;C;B;A;D;Z;B;B
stevie;D;A;C;A;C;D;A;A;D;D
stewart;C;A;B;A;A;B;Z;B;A;D
stirling;D;B;Z;Z;C;A;D;A;A;C
storm;A;B;A;A;Z;C;D;D;Z;A
straton;C;C;A;C;C;A;B;D;D;C
stuart;C;B;Z;A;D;A;A;B;B;B
su;A;A;B;Z;D;C;C;A;Z;A
subira;D;B;B;A;Z;C;A;C;B;A
sue;A;Z;D;A;D;Z;B;C;A;C
sullivan;Z;A;D;D;A;B;D;C;Z;B
summer;C;B;B;B;B;D;D;D;C;Z
sunday;A;Z;B;C;A;B;A;B;C;B
sunil;D;A;B;A;Z;C;B;B;B;D
sunny;D;C;D;A;C;D;C;D;D;D
sunshine;B;C;Z;C;C;C;C;C;D;B
susana;C;B;A;D;D;A;C;D;Z;B
susannah;B;D;C;A;D;A;B;D;Z;B
suse;A;D;D;A;A;A;B;D;Z;B
susie;D;B;Z;Z;A;D;C;C;D;D
suzan;D;C;B;B;B;C;C;D;C;Z
suzanne;A;A;A;C;Z;C;Z;B;C;C
suzette;A;C;A;D;B;C;D;C;C;C
suzie;C;C;B;B;D;D;A;A;D;D
suzy;D;B;B;D;B;C;Z;D;D;A
sven;A;A;A;C;C;B;A;C;D;C
svetlana;B;B;A;A;D;A;C;C;D;C
sybil;C;A;B;A;C;B;D;B;D;A
sydney;Z;A;A;D;D;A;D;A;A;A
sylvain;Z;A;B;Z;C;C;D;C;D;C
sylvana;B;B;B;C;D;B;Z;A;A;A
sylvester;Z;A;D;A;C;A;C;A;C;C
sylvestre;D;C;C;A;D;A;A;B;A;A
sylvia;A;B;A;C;D;C;Z;Z;A;B
sylviane;A;Z;C;C;C;Z;B;Z;A;A
sylvie;D;Z;C;A;D;D;D;C;D;A
sylwia;A;A;C;A;C;C;Z;Z;A;C
symphony;B;A;A;B;C;Z;C;A;B;B
tai;Z;B;D;B;B;D;A;B;D;C
tal;B;D;Z;C;C;C;A;B;A;Z
talbot;B;B;B;A;Z;D;C;D;A;C
tam;B;A;A;B;Z;C;D;C;Z;B
tamar;A;D;A;A;B;Z;C;C;A;C
tamara;Z;D;C;D;B;D;Z;B;B;C
tamir;C;Z;A;A;C;A;A;A;A;C
tammy;B;A;A;Z;C;D;B;C;B;A
tania;B;D;C;C;B;D;A;Z;C;A
tanit;Z;B;D;C;C;A;B;B;D;Z
tanner;Z;B;B;B;B;A;B;B;C;D
taranis;A;C;D;A;A;C;B;B;D;B
taras;C;A;D;B;A;C;D;Z;D;Z
tarquin;Z;C;D;B;A;A;D;A;B;B
tate;Z;D;B;C;D;Z;B;D;C;Z
tatiana;A;A;B;B;C;A;D;A;B;A
tatum;A;D;A;C;D;A;A;C;B;C
tau;D;Z;A;C;D;Z;B;A;C;D
taylor;C;A;C;A;A;C;C;C;C;D
teal;A;C;C;B;B;B;A;C;D;D
ted;C;B;Z;C;A;B;Z;A;C;A
teddy;B;D;C;D;A;D;D;C;D;C
tel;C;A;C;A;A;B;C;B;C;A
telma;A;C;A;B;A;B;C;A;Z;C
temple;B;C;A;D;Z;C;A;B;C;C
tendai;C;D;A;D;Z;B;B;A;D;Z
teodor;C;A;A;B;B;Z;A;B;C;A
teodoro;A;A;C;B;C;Z;A;D;D;B
tera;D;B;Z;C;Z;C;A;C;B;C
terence;B;B;D;D;D;D;A;C;A;D
teresa;B;B;B;C;D;C;A;D;D;Z
terminus;C;D;A;Z;B;D;D;B;A;D
terpsichore;D;B;B;A;D;D;A;D;Z;C
terra;C;C;C;D;D;D;A;Z;Z;C
terry;D;A;C;D;Z;B;Z;D;D;B
tess;Z;A;B;A;A;Z;A;B;B;B
tessa;B;B;B;C;D;D;D;Z;A;B
tex;C;D;B;D;D;C;D;A;C;B
thaddeus;A;C;C;A;D;Z;B;B;B;Z
thais;A;C;B;A;C;A;C;C;D;A
thalia;A;B;A;A;A;B;C;C;D;C
than;C;A;B;C;A;D;Z;B;A;D
thanatos;C;Z;B;D;C;D;B;B;C;D
thanh;C;D;Z;C;A;C;C;A;C;A
théo;A;D;B;B;A;A;C;C;Z;A
theo;A;B;A;D;A;B;B;B;C;B
theodor;C;A;Z;A;B;B;C;A;B;B
théodore;Z;A;C;B;B;A;B;B;B;A
theodoros;C;A;A;D;C;A;D;C;D;A
théophile;B;D;B;C;B;D;B;Z;Z;C
thérèse;A;B;D;Z;C;A;A;Z;C;C
thi;D;Z;A;C;B;B;A;C;C;Z
thibault;D;A;A;B;D;D;Z;A;B;Z
thierry;B;B;D;D;A;C;D;C;D;D
thom;B;Z;D;B;D;A;A;Z;A;D
thomas;D;B;A;Z;Z;C;A;B;C;D
thor;D;A;D;A;B;A;C;A;A;C
thora;B;B;Z;Z;A;D;D;D;D;A
thornton;Z;D;C;B;A;B;C;C;C;C
thyra;D;D;Z;A;B;C;C;C;C;B
tia;D;B;D;C;C;Z;B;C;D;D
tiago;D;Z;C;A;B;B;A;A;B;D
tibor;B;Z;B;B;B;B;C;C;Z;C
tien;C;C;Z;Z;A;A;B;A;A;A
tierney;C;D;Z;D;A;C;A;A;B;Z
tierra;A;C;C;A;C;D;C;D;D;C
tiffany;B;B;C;B;C;Z;D;C;C;D
tiger;B;D;A;D;A;C;B;C;B;B
till;C;B;A;B;D;A;B;Z;A;C
tilly;C;C;C;A;D;D;Z;Z;A;A
tim;C;C;B;C;C;A;C;A;B;B
timon;Z;B;A;Z;A;A;C;B;C;Z
timothée;C;B;B;C;C;B;D;B;Z;A
timothy;Z;C;C;C;C;B;B;A;B;B
tina;A;B;C;C;C;C;D;D;B;C
tiras;Z;D;D;A;B;B;D;C;C;B
titania;D;A;B;B;B;C;D;D;B;D
tito;B;B;B;C;B;A;D;A;D;A
titus;C;C;Z;A;A;C;C;C;A;A
tivoli;C;Z;C;C;B;B;C;D;A;B
tiziano;B;C;C;B;B;C;C;B;A;C
toby;A;A;B;Z;Z;D;B;Z;B;C
todd;A;A;D;A;B;C;C;A;A;C
toinette;D;D;C;A;Z;A;C;A;C;D
tola;Z;C;D;B;D;D;C;B;B;C
tom;D;Z;A;A;C;Z;D;C;D;D
tommy;Z;D;C;B;B;A;B;Z;A;C
tonio;A;C;A;A;Z;C;D;A;B;A
tony;D;D;C;D;D;B;A;D;D;B
tor;D;B;C;C;D;A;D;B;A;B
tora;C;C;D;D;C;B;B;D;C;C
tordis;D;D;C;B;Z;B;C;B;D;B
tori;A;D;D;C;B;Z;D;D;D;D
toribio;D;A;B;C;A;A;D;D;D;D
toril;C;B;C;D;A;C;C;B;B;D
torsten;Z;C;D;B;C;A;B;Z;D;D
toussaint;B;A;D;A;D;A;A;C;C;Z
trace;Z;D;A;B;B;C;Z;C;D;D
tracy;C;B;B;A;Z;A;A;A;C;D
traherne;Z;A;C;D;B;A;Z;D;C;Z
trajan;A;C;C;A;A;C;A;D;D;C
travers;C;A;D;D;Z;A;Z;B;B;D
tria;D;C;C;C;Z;D;C;A;D;B
trine;D;A;B;A;D;D;Z;A;C;D
trini;B;B;C;Z;B;C;D;Z;C;A
trinidad;B;D;C;B;B;B;C;Z;A;A
trinity;D;B;C;C;D;C;C;A;C;B
tristan;B;B;A;D;C;Z;C;C;C;B
tristram;C;C;D;A;D;A;A;A;Z;C
trix;C;A;B;C;B;C;B;D;C;A
trudy;D;B;C;D;D;A;D;A;D;D
truman;C;D;D;B;D;B;D;Z;D;B
trygve;A;C;Z;Z;D;Z;C;D;A;A
tucker;D;A;B;C;B;B;B;D;C;Z
tudor;C;D;Z;C;B;A;C;Z;A;C
tue;A;A;Z;C;B;D;C;Z;A;D
tullia;D;B;B;B;B;A;A;A;B;A
tullio;C;C;Z;D;B;B;B;B;C;C
turin;A;A;C;A;B;A;A;B;B;A
ty;C;D;D;A;B;A;C;C;D;B
tycho;D;D;A;D;C;A;A;D;C;D
tyler;D;A;A;A;D;Z;D;D;D;B
tylor;D;B;D;B;B;A;D;A;A;A
tyr;C;B;B;C;Z;B;B;D;C;A
tyrell;C;A;C;C;B;D;A;B;D;C
tyrone;A;D;C;C;C;B;C;B;A;C
tyrrell;C;A;C;D;C;B;A;A;C;A
tyson;A;Z;C;C;D;D;Z;A;A;B
udo;D;B;C;B;B;D;A;Z;A;C
ugo;A;B;D;B;C;A;D;D;B;D
ulla;A;Z;D;B;A;B;B;B;D;B
ulrich;D;Z;A;A;C;C;A;A;A;D
ulrike;D;B;B;C;D;B;C;B;C;D
uma;D;C;C;D;C;B;C;D;B;C
umar;Z;D;Z;D;A;D;Z;A;A;Z
umberto;D;C;A;A;D;C;D;A;A;B
ume;D;C;D;D;A;Z;Z;D;A;A
una;Z;B;C;Z;A;Z;D;A;Z;B
undine;C;D;C;B;Z;C;A;Z;D;B
unique;A;C;B;B;A;C;A;C;C;D
upton;B;C;B;D;C;B;C;A;A;Z
uranus;B;D;B;A;Z;D;B;B;B;C
urbain;A;C;B;B;A;D;B;C;C;D
urban;A;B;B;C;D;B;A;A;C;C
urbana;D;D;B;B;B;Z;B;D;D;C
urbano;C;D;C;D;B;D;B;D;D;Z
uri;A;B;C;B;C;Z;B;B;A;A
uriel;C;D;A;B;C;A;A;D;A;D
urien;A;C;C;C;A;A;B;B;A;A
urs;B;A;B;D;B;D;D;D;C;B
ursel;A;B;A;A;B;Z;D;A;D;D
ursula;C;A;C;D;A;A;B;Z;A;B
uzi;B;A;D;Z;D;A;B;C;C;Z
vadim;D;B;A;B;C;C;C;D;D;B
val;A;B;B;A;C;A;D;Z;Z;D
valda;B;B;C;D;D;B;A;A;D;C
valdemar;B;Z;B;C;A;B;Z;B;A;C
valencia;C;D;A;A;Z;A;A;D;D;B
valentin;A;B;D;D;C;D;Z;C;C;Z
valentina;A;C;B;B;D;B;D;C;B;B
valentino;C;C;A;A;Z;Z;C;B;B;Z
valère;C;B;D;A;Z;A;A;C;A;A
valérie;A;D;D;C;C;A;C;D;B;Z
valerio;D;B;B;B;A;C;C;A;D;Z
valerius;Z;D;C;D;B;C;Z;B;A;B
valéry;B;Z;Z;B;D;C;B;B;B;B
valkyrie;Z;A;C;C;A;D;Z;D;C;C
vanessa;A;C;C;B;C;B;D;Z;D;B
vanna;A;D;Z;C;B;Z;B;Z;D;Z
varda;C;B;C;A;A;A;B;B;Z;Z
varius;Z;Z;D;Z;B;C;B;A;C;D
varvara;Z;D;Z;B;D;A;B;A;C;C
vasco;Z;D;B;B;D;B;B;C;A;A
vashti;D;B;D;D;C;B;B;A;B;D
vassily;A;C;A;A;A;A;B;B;Z;D
vaughan;D;A;C;A;C;B;D;A;D;A
venus;B;D;A;Z;D;D;A;D;A;B
vera;Z;Z;B;C;B;B;C;D;A;Z
vere;A;A;Z;D;D;D;D;B;D;A
vern;C;A;D;A;B;Z;B;D;Z;Z
verna;D;C;A;D;A;B;Z;A;D;D
verner;D;B;C;A;B;D;B;D;D;D
vernon;A;A;D;Z;C;A;D;B;D;A
veronica;C;B;D;D;Z;B;C;B;Z;D
véronique;A;C;Z;A;A;B;C;D;D;C
vespasien;B;D;D;C;B;D;A;B;D;Z
vesta;D;Z;A;C;B;A;D;C;C;D
vester;A;C;A;A;Z;A;A;C;A;B
vi;D;B;A;B;B;A;D;C;B;D
vic;C;C;A;D;A;D;C;A;Z;C
vicente;C;B;D;Z;A;C;C;D;B;A
vicky;B;C;C;C;Z;D;B;D;A;B
vico;C;D;A;Z;B;B;B;B;B;C
victoire;Z;A;A;Z;C;A;B;D;B;B
victor;Z;B;C;C;A;B;A;Z;A;C
victorine;D;Z;A;D;C;D;B;Z;C;A
vida;Z;D;B;B;Z;B;B;C;D;D
vidal;B;D;B;B;C;C;B;A;C;B
vien;C;A;A;D;B;D;A;B;B;C
vienne;A;D;D;B;B;D;A;A;Z;B
viktor;B;B;C;Z;A;A;D;B;B;B
vili;D;A;Z;A;D;B;C;C;C;D
ville;B;D;D;B;D;B;B;A;D;C
vin;Z;A;A;D;A;A;A;D;B;B
vina;A;A;B;C;A;D;D;D;A;A
vinay;A;B;A;C;A;Z;D;A;A;Z
vince;A;D;D;B;C;B;B;A;Z;A
vincent;B;C;C;B;C;A;D;Z;A;B
vincente;A;C;D;B;A;B;A;D;D;A
vincenzo;D;C;A;C;D;C;C;B;C;Z
vinh;C;Z;C;C;D;D;A;A;B;A
viola;A;D;Z;B;D;D;A;C;D;Z
violet;B;A;C;D;D;A;A;Z;A;B
violetta;A;A;D;B;D;C;D;C;D;D
violette;D;C;D;Z;D;A;A;D;D;C
virgil;Z;Z;C;C;C;A;A;C;A;B
virgilio;C;D;C;D;B;C;A;D;B;Z
virginia;B;D;A;C;C;A;Z;B;Z;A
virginie;C;Z;A;B;C;D;C;D;D;A
vishnu;B;A;C;C;B;D;B;A;A;C
vita;D;C;B;C;Z;C;B;D;D;Z
vitale;B;C;B;C;A;Z;A;B;Z;D
vitali;A;C;B;C;A;B;D;D;D;C
vito;C;C;C;C;D;A;D;B;A;B
vittoria;D;C;D;C;Z;C;B;D;B;Z
vittorio;C;A;A;A;A;D;A;Z;Z;C
vitus;C;A;A;D;Z;A;Z;C;A;D
vivian;C;B;B;D;B;D;A;C;A;A
vivien;C;D;D;Z;C;C;C;A;D;B
vivienne;C;B;D;C;A;C;B;C;D;A
vlad;B;C;D;Z;Z;A;D;D;C;C
vladimir;B;B;D;D;C;A;D;Z;D;B
vladislav;B;D;D;D;C;B;A;A;A;C
volker;D;B;C;C;C;C;B;D;A;A
volos;D;B;B;C;Z;D;B;B;B;C
vyacheslav;B;B;Z;A;B;D;D;A;C;B
wade;A;A;B;A;B;B;A;B;A;D
waldemar;C;D;B;A;D;B;D;Z;A;A
walker;C;A;A;B;B;B;D;B;D;C
wallace;C;D;D;D;D;A;B;D;Z;B
wallis;A;D;B;D;B;D;B;C;A;B
walt;B;Z;A;B;D;C;B;B;Z;Z
walter;A;B;D;C;A;C;B;B;A;B
walther;D;A;C;C;D;C;D;B;B;Z
walton;D;C;B;A;D;D;B;A;D;C
wanda;C;C;A;D;C;D;B;C;A;A
ward;C;B;C;B;B;C;C;D;A;A
warner;A;B;C;A;A;B;A;B;Z;B
warren;C;C;B;B;C;Z;B;A;D;C
warwick;A;C;C;D;Z;C;D;A;A;A
washington;B;D;Z;A;A;A;C;D;D;A
wat;B;C;D;A;C;C;A;C;A;A
wayne;Z;B;B;A;B;B;C;A;D;A
webster;B;D;A;A;A;D;D;C;B;D
wei;Z;C;A;C;C;D;D;A;D;B
weldon;C;D;Z;C;B;B;C;C;Z;C
wen;B;C;C;A;D;B;A;B;A;D
wendel;B;D;A;B;A;D;B;C;A;D
wendell;D;B;A;A;B;D;C;C;D;Z
wendy;A;Z;B;B;B;B;D;D;B;C
wenzel;C;D;C;A;C;Z;D;A;D;C
werner;C;B;B;C;B;D;A;A;D;B
werther;C;B;A;D;D;C;A;Z;D;B
wesley;A;A;D;D;B;B;B;A;C;A
weston;D;Z;D;D;A;C;B;B;C;C
whitney;D;C;A;B;B;B;C;B;C;A
wieland;C;A;A;B;C;B;B;B;C;B
wilbur;A;C;A;Z;Z;C;A;A;D;C
wilfred;D;D;A;B;Z;A;A;D;A;B
wilfrid;D;C;B;C;A;A;B;A;C;A
wilhelm;A;B;C;A;A;A;C;D;B;Z
wilkie;B;B;D;B;D;D;A;B;C;D
will;D;C;C;Z;B;Z;B;D;D;D
willard;C;A;D;C;B;A;A;Z;D;B
willem;C;C;C;A;Z;B;C;D;B;D
william;A;A;A;C;D;B;C;C;D;B
willie;B;Z;A;A;C;A;D;C;D;Z
willis;A;D;D;B;C;B;A;B;D;A
willy;Z;D;A;B;D;D;A;C;D;C
wilma;B;B;C;B;C;Z;Z;A;C;C
wilson;C;C;Z;Z;C;C;C;C;D;D
wim;D;A;A;Z;B;B;B;C;C;D
windsor;A;B;C;D;Z;B;B;D;C;D
winnie;A;Z;D;A;Z;A;A;D;A;C
winston;B;A;Z;A;Z;D;D;Z;D;D
winter;B;C;Z;B;A;Z;D;Z;C;Z
wisdom;D;A;D;D;B;C;D;D;D;A
wojtek;C;A;A;C;D;C;D;B;C;A
wolf;D;Z;B;B;C;D;A;Z;C;D
wolfgang;A;B;D;D;C;Z;A;D;A;C
wolfram;Z;C;A;C;C;C;D;C;C;A
woodrow;B;A;A;D;D;B;D;D;Z;D
woody;D;C;D;D;C;D;Z;B;C;Z
wotan;A;A;D;C;A;Z;C;A;D;D
wren;C;A;Z;A;A;B;C;C;C;A
wright;Z;D;C;B;C;Z;B;B;Z;Z
wu;D;D;A;B;B;A;A;C;A;B
wyatt;D;D;Z;A;D;B;C;Z;Z;C
wynne;B;A;A;B;B;D;B;B;C;B
xanthippe;A;C;C;B;D;Z;B;Z;C;A
xavier;C;C;C;D;C;A;D;C;C;D
yahveh;D;D;A;Z;A;B;A;D;C;B
yahweh;C;B;D;B;C;A;C;A;A;Z
yale;B;D;D;A;B;D;C;Z;C;D
yan;A;B;B;D;C;B;A;A;A;A
yann;Z;B;Z;D;D;Z;B;D;C;D
yannis;A;D;B;Z;A;D;B;A;B;Z
yasmina;D;A;B;Z;C;D;A;B;C;D
yasmine;A;B;B;Z;A;B;Z;A;A;B
yehudi;C;B;A;B;D;A;A;A;B;B
yen;C;Z;D;C;A;D;B;C;C;B
yin;A;C;Z;B;D;A;A;B;C;B
yngve;D;D;C;B;A;D;A;B;D;C
yolanda;C;D;A;B;Z;C;A;D;B;B
yolande;C;D;D;C;D;D;Z;B;C;D
yong;A;C;A;A;A;B;A;D;B;D
yori;A;C;C;D;A;B;A;B;B;B
yorick;B;B;D;C;A;D;D;B;A;A
york;D;C;B;D;C;Z;B;C;D;B
yoshiko;D;C;B;A;C;Z;B;D;C;D
young;D;B;C;D;A;A;C;D;B;B
youssef;C;B;Z;B;A;A;C;C;D;B
yseult;B;D;D;B;D;B;D;B;B;C
yu;B;Z;D;C;A;D;D;D;D;B
yvain;D;B;C;Z;B;C;C;Z;D;Z
yves;A;A;D;B;Z;Z;Z;C;D;D
yvette;A;B;Z;B;C;A;Z;B;B;A
yvon;C;C;B;A;D;A;B;D;D;A
yvonne;Z;C;A;Z;D;D;D;Z;B;D
zabel;A;C;C;B;A;B;A;A;B;B
zach;B;B;C;B;A;A;B;Z;D;A
zacharias;C;B;B;D;A;Z;B;A;A;B
zacharie;Z;A;C;C;B;C;Z;A;D;B
zack;D;B;Z;C;B;A;A;D;Z;C
zahir;B;Z;A;B;Z;Z;C;B;Z;C
zain;C;A;C;A;C;A;C;A;C;C
zak;Z;C;A;B;B;A;Z;Z;A;Z
zan;A;C;C;D;D;C;Z;D;C;C
zane;D;B;A;C;Z;D;B;C;B;C
zara;D;B;Z;C;C;C;B;Z;D;B
zdenek;A;A;C;A;D;C;B;Z;A;Z
zdenka;A;A;A;D;B;D;C;C;D;A
zé;D;C;B;A;A;B;C;C;B;B
zed;Z;B;B;B;B;B;A;D;Z;D
zelda;D;A;A;Z;C;A;C;B;D;Z
zeno;B;A;Z;A;B;A;A;C;B;B
zenon;A;B;B;B;A;D;D;A;D;D
zeta;D;C;Z;B;D;B;D;C;A;A
zeus;D;C;C;A;A;Z;Z;C;A;D
zia;Z;D;A;A;A;B;D;B;A;A
zilla;C;C;Z;D;B;A;A;C;B;Z
zina;C;D;D;B;A;B;C;C;B;Z
zinnia;A;D;C;D;Z;C;B;B;B;Z
zita;D;D;Z;D;D;D;B;C;A;D
ziya;B;D;Z;D;C;A;C;C;Z;A
zoé;D;B;B;C;A;D;Z;D;C;Z
zohar;A;D;B;D;C;B;A;Z;Z;C
zoie;D;A;C;Z;B;A;B;A;C;B
zola;B;A;C;D;C;C;C;C;A;D
zona;C;B;Z;A;B;A;D;Z;B;A
zora;B;A;D;B;B;B;B;A;B;B
zoran;Z;D;C;C;A;A;A;D;A;B
zosime;A;A;B;C;B;C;A;D;A;D
zvi;C;A;B;D;A;Z;D;C;D;D
zwia;Z;C;Z;D;C;Z;B;D;C;C
